Time,Press,T,Vel:0,Vel:1,Vel:2,vtkValidPointMask,arc_length,Points:0,Points:1,Points:2
3.43E+05,0,275.15,0,0,0,1,0,0,0.005,0
3.43E+05,0.21089,275.13,0.0013552,0,0,1,1.00E-05,1.00E-05,0.005,0
3.43E+05,0.30797,275.12,0.0025343,0,0,1,2.00E-05,2.00E-05,0.005,0
3.43E+05,0.3649,275.11,0.003513,0,0,1,3.00E-05,3.00E-05,0.005,0
3.43E+05,0.40881,275.09,0.0043244,0,0,1,4.00E-05,4.00E-05,0.005,0
3.43E+05,0.42027,275.08,0.0050593,0,0,1,5.00E-05,5.00E-05,0.005,0
3.43E+05,0.45115,275.07,0.0056614,0,0,1,6.00E-05,6.00E-05,0.005,0
3.43E+05,0.45836,275.05,0.0062017,0,0,1,7.00E-05,7.00E-05,0.005,0
3.43E+05,0.46989,275.04,0.0066816,0,0,1,8.00E-05,8.00E-05,0.005,0
3.43E+05,0.48612,275.03,0.0071067,0,0,1,9.00E-05,9.00E-05,0.005,0
3.43E+05,0.47984,275.02,0.0074862,0,0,1,0.0001,0.0001,0.005,0
3.43E+05,0.50012,275.01,0.0078136,0,0,1,0.00011,0.00011,0.005,0
3.43E+05,0.4985,275,0.0081067,0,0,1,0.00012,0.00012,0.005,0
3.43E+05,0.50306,274.99,0.0083706,0,0,1,0.00013,0.00013,0.005,0
3.43E+05,0.51408,274.98,0.0086078,0,0,1,0.00014,0.00014,0.005,0
3.43E+05,0.50399,274.98,0.0088188,0,0,1,0.00015,0.00015,0.005,0
3.43E+05,0.52037,274.97,0.0090045,0,0,1,0.00016,0.00016,0.005,0
3.43E+05,0.51663,274.96,0.0091696,0,0,1,0.00017,0.00017,0.005,0
3.43E+05,0.5189,274.95,0.0093187,0,0,1,0.00018,0.00018,0.005,0
3.43E+05,0.52756,274.95,0.0094533,0,0,1,0.00019,0.00019,0.005,0
3.43E+05,0.51717,274.94,0.0095714,0,0,1,0.0002,0.0002,0.005,0
3.43E+05,0.531,274.93,0.0096763,0,0,1,0.00021,0.00021,0.005,0
3.43E+05,0.52689,274.93,0.0097678,0,0,1,0.00022,0.00022,0.005,0
3.43E+05,0.52825,274.92,0.00985,0,0,1,0.00023,0.00023,0.005,0
3.43E+05,0.53543,274.91,0.0099236,0,0,1,0.00024,0.00024,0.005,0
3.43E+05,0.52576,274.91,0.0099861,0,0,1,0.00025,0.00025,0.005,0
3.43E+05,0.53764,274.9,0.010042,0,0,1,0.00026,0.00026,0.005,0
3.43E+05,0.53373,274.9,0.010088,0,0,1,0.00027,0.00027,0.005,0
3.43E+05,0.53466,274.89,0.010128,0,0,1,0.00028,0.00028,0.005,0
3.43E+05,0.54078,274.89,0.010163,0,0,1,0.00029,0.00029,0.005,0
3.43E+05,0.53211,274.88,0.010191,0,0,1,0.0003,0.0003,0.005,0
3.43E+05,0.5424,274.88,0.010214,0,0,1,0.00031,0.00031,0.005,0
3.43E+05,0.53886,274.87,0.010231,0,0,1,0.00032,0.00032,0.005,0
3.43E+05,0.53958,274.87,0.010245,0,0,1,0.00033,0.00033,0.005,0
3.43E+05,0.54487,274.86,0.010255,0,0,1,0.00034,0.00034,0.005,0
3.43E+05,0.53721,274.86,0.010259,0,0,1,0.00035,0.00035,0.005,0
3.43E+05,0.54618,274.85,0.010261,0,0,1,0.00036,0.00036,0.005,0
3.43E+05,0.54304,274.85,0.010259,0,0,1,0.00037,0.00037,0.005,0
3.43E+05,0.54365,274.85,0.010254,0,0,1,0.00038,0.00038,0.005,0
3.43E+05,0.54826,274.84,0.010247,0,0,1,0.00039,0.00039,0.005,0
3.43E+05,0.54155,274.84,0.010235,0,0,1,0.0004,0.0004,0.005,0
3.43E+05,0.54941,274.83,0.010223,0,0,1,0.00041,0.00041,0.005,0
3.43E+05,0.54667,274.83,0.010207,0,0,1,0.00042,0.00042,0.005,0
3.43E+05,0.54722,274.83,0.010189,0,0,1,0.00043,0.00043,0.005,0
3.43E+05,0.55129,274.82,0.01017,0,0,1,0.00044,0.00044,0.005,0
3.43E+05,0.54543,274.82,0.010147,0,0,1,0.00045,0.00045,0.005,0
3.43E+05,0.55235,274.82,0.010124,0,0,1,0.00046,0.00046,0.005,0
3.43E+05,0.55001,274.81,0.010098,0,0,1,0.00047,0.00047,0.005,0
3.43E+05,0.5503,274.81,0.010072,0,0,1,0.00048,0.00048,0.005,0
3.43E+05,0.55455,274.81,0.010038,0,0,1,0.00049,0.00049,0.005,0
3.43E+05,0.55358,274.8,0.0099794,0,0,1,0.0005,0.0005,0.005,0
3.43E+05,0.55364,274.8,0.0099391,0,0,1,0.00051,0.00051,0.005,0
3.43E+05,0.5537,274.8,0.0098988,0,0,1,0.00052,0.00052,0.005,0
3.43E+05,0.55262,274.8,0.0098815,0,0,1,0.00053,0.00053,0.005,0
3.43E+05,0.55041,274.79,0.009887,0,0,1,0.00054,0.00054,0.005,0
3.43E+05,0.5482,274.79,0.0098926,0,0,1,0.00055,0.00055,0.005,0
3.43E+05,0.5533,274.79,0.0098703,0,0,1,0.00056,0.00056,0.005,0
3.43E+05,0.5584,274.79,0.0098481,0,0,1,0.00057,0.00057,0.005,0
3.43E+05,0.5591,274.78,0.009821,0,0,1,0.00058,0.00058,0.005,0
3.43E+05,0.55539,274.78,0.009789,0,0,1,0.00059,0.00059,0.005,0
3.43E+05,0.55168,274.78,0.0097571,0,0,1,0.0006,0.0006,0.005,0
3.43E+05,0.55613,274.78,0.0097262,0,0,1,0.00061,0.00061,0.005,0
3.43E+05,0.56057,274.77,0.0096952,0,0,1,0.00062,0.00062,0.005,0
3.43E+05,0.56113,274.77,0.0096614,0,0,1,0.00063,0.00063,0.005,0
3.43E+05,0.55782,274.77,0.0096247,0,0,1,0.00064,0.00064,0.005,0
3.43E+05,0.5545,274.77,0.009588,0,0,1,0.00065,0.00065,0.005,0
3.43E+05,0.55847,274.77,0.0095535,0,0,1,0.00066,0.00066,0.005,0
3.43E+05,0.56243,274.76,0.009519,0,0,1,0.00067,0.00067,0.005,0
3.43E+05,0.56294,274.76,0.0094823,0,0,1,0.00068,0.00068,0.005,0
3.43E+05,0.55999,274.76,0.0094433,0,0,1,0.00069,0.00069,0.005,0
3.43E+05,0.55704,274.76,0.0094044,0,0,1,0.0007,0.0007,0.005,0
3.43E+05,0.5606,274.76,0.0093678,0,0,1,0.00071,0.00071,0.005,0
3.43E+05,0.56416,274.75,0.0093313,0,0,1,0.00072,0.00072,0.005,0
3.43E+05,0.56463,274.75,0.009293,0,0,1,0.00073,0.00073,0.005,0
3.43E+05,0.562,274.75,0.0092529,0,0,1,0.00074,0.00074,0.005,0
3.43E+05,0.55937,274.75,0.0092129,0,0,1,0.00075,0.00075,0.005,0
3.43E+05,0.56257,274.75,0.0091752,0,0,1,0.00076,0.00076,0.005,0
3.43E+05,0.56578,274.74,0.0091376,0,0,1,0.00077,0.00077,0.005,0
3.43E+05,0.56621,274.74,0.0090986,0,0,1,0.00078,0.00078,0.005,0
3.43E+05,0.56386,274.74,0.0090582,0,0,1,0.00079,0.00079,0.005,0
3.43E+05,0.56151,274.74,0.0090177,0,0,1,0.0008,0.0008,0.005,0
3.43E+05,0.56441,274.74,0.0089797,0,0,1,0.00081,0.00081,0.005,0
3.43E+05,0.56731,274.74,0.0089416,0,0,1,0.00082,0.00082,0.005,0
3.43E+05,0.5677,274.73,0.0089024,0,0,1,0.00083,0.00083,0.005,0
3.43E+05,0.5656,274.73,0.0088621,0,0,1,0.00084,0.00084,0.005,0
3.43E+05,0.56349,274.73,0.0088218,0,0,1,0.00085,0.00085,0.005,0
3.43E+05,0.56612,274.73,0.0087837,0,0,1,0.00086,0.00086,0.005,0
3.43E+05,0.56874,274.73,0.0087456,0,0,1,0.00087,0.00087,0.005,0
3.43E+05,0.56911,274.73,0.0087067,0,0,1,0.00088,0.00088,0.005,0
3.43E+05,0.56722,274.73,0.0086668,0,0,1,0.00089,0.00089,0.005,0
3.43E+05,0.56533,274.72,0.0086268,0,0,1,0.0009,0.0009,0.005,0
3.43E+05,0.56771,274.72,0.0085891,0,0,1,0.00091,0.00091,0.005,0
3.43E+05,0.57009,274.72,0.0085513,0,0,1,0.00092,0.00092,0.005,0
3.43E+05,0.57043,274.72,0.0085128,0,0,1,0.00093,0.00093,0.005,0
3.43E+05,0.56873,274.72,0.0084735,0,0,1,0.00094,0.00094,0.005,0
3.43E+05,0.56703,274.72,0.0084343,0,0,1,0.00095,0.00095,0.005,0
3.43E+05,0.5692,274.72,0.008397,0,0,1,0.00096,0.00096,0.005,0
3.43E+05,0.57136,274.71,0.0083597,0,0,1,0.00097,0.00097,0.005,0
3.43E+05,0.57168,274.71,0.0083219,0,0,1,0.00098,0.00098,0.005,0
3.43E+05,0.57015,274.71,0.0082834,0,0,1,0.00099,0.00099,0.005,0
3.43E+05,0.56862,274.71,0.0082449,0,0,1,0.001,0.001,0.005,0
3.43E+05,0.57059,274.71,0.0082083,0,0,1,0.00101,0.00101,0.005,0
3.43E+05,0.57256,274.71,0.0081717,0,0,1,0.00102,0.00102,0.005,0
3.43E+05,0.57286,274.71,0.0081346,0,0,1,0.00103,0.00103,0.005,0
3.43E+05,0.57147,274.71,0.0080971,0,0,1,0.00104,0.00104,0.005,0
3.43E+05,0.57009,274.71,0.0080595,0,0,1,0.00105,0.00105,0.005,0
3.43E+05,0.57189,274.7,0.0080236,0,0,1,0.00106,0.00106,0.005,0
3.43E+05,0.5737,274.7,0.0079878,0,0,1,0.00107,0.00107,0.005,0
3.43E+05,0.57397,274.7,0.0079516,0,0,1,0.00108,0.00108,0.005,0
3.43E+05,0.57272,274.7,0.007915,0,0,1,0.00109,0.00109,0.005,0
3.43E+05,0.57146,274.7,0.0078783,0,0,1,0.0011,0.0011,0.005,0
3.43E+05,0.57311,274.7,0.0078433,0,0,1,0.00111,0.00111,0.005,0
3.43E+05,0.57476,274.7,0.0078083,0,0,1,0.00112,0.00112,0.005,0
3.43E+05,0.57502,274.7,0.007773,0,0,1,0.00113,0.00113,0.005,0
3.43E+05,0.57388,274.7,0.0077374,0,0,1,0.00114,0.00114,0.005,0
3.43E+05,0.57274,274.7,0.0077017,0,0,1,0.00115,0.00115,0.005,0
3.43E+05,0.57425,274.69,0.0076676,0,0,1,0.00116,0.00116,0.005,0
3.43E+05,0.57577,274.69,0.0076335,0,0,1,0.00117,0.00117,0.005,0
3.43E+05,0.57601,274.69,0.0075991,0,0,1,0.00118,0.00118,0.005,0
3.43E+05,0.57497,274.69,0.0075645,0,0,1,0.00119,0.00119,0.005,0
3.43E+05,0.57394,274.69,0.0075298,0,0,1,0.0012,0.0012,0.005,0
3.43E+05,0.57533,274.69,0.0074966,0,0,1,0.00121,0.00121,0.005,0
3.43E+05,0.57672,274.69,0.0074634,0,0,1,0.00122,0.00122,0.005,0
3.43E+05,0.57694,274.69,0.00743,0,0,1,0.00123,0.00123,0.005,0
3.43E+05,0.576,274.69,0.0073963,0,0,1,0.00124,0.00124,0.005,0
3.43E+05,0.57506,274.69,0.0073627,0,0,1,0.00125,0.00125,0.005,0
3.43E+05,0.57633,274.69,0.0073304,0,0,1,0.00126,0.00126,0.005,0
3.43E+05,0.57761,274.69,0.0072981,0,0,1,0.00127,0.00127,0.005,0
3.43E+05,0.57782,274.68,0.0072656,0,0,1,0.00128,0.00128,0.005,0
3.43E+05,0.57696,274.68,0.007233,0,0,1,0.00129,0.00129,0.005,0
3.43E+05,0.5761,274.68,0.0072004,0,0,1,0.0013,0.0013,0.005,0
3.43E+05,0.57728,274.68,0.007169,0,0,1,0.00131,0.00131,0.005,0
3.43E+05,0.57846,274.68,0.0071376,0,0,1,0.00132,0.00132,0.005,0
3.43E+05,0.57865,274.68,0.007106,0,0,1,0.00133,0.00133,0.005,0
3.43E+05,0.57787,274.68,0.0070744,0,0,1,0.00134,0.00134,0.005,0
3.43E+05,0.57708,274.68,0.0070427,0,0,1,0.00135,0.00135,0.005,0
3.43E+05,0.57817,274.68,0.0070122,0,0,1,0.00136,0.00136,0.005,0
3.43E+05,0.57926,274.68,0.0069817,0,0,1,0.00137,0.00137,0.005,0
3.43E+05,0.57944,274.68,0.0069511,0,0,1,0.00138,0.00138,0.005,0
3.43E+05,0.57872,274.68,0.0069205,0,0,1,0.00139,0.00139,0.005,0
3.43E+05,0.578,274.68,0.0068898,0,0,1,0.0014,0.0014,0.005,0
3.43E+05,0.57901,274.68,0.0068602,0,0,1,0.00141,0.00141,0.005,0
3.43E+05,0.58001,274.67,0.0068305,0,0,1,0.00142,0.00142,0.005,0
3.43E+05,0.58019,274.67,0.0068009,0,0,1,0.00143,0.00143,0.005,0
3.43E+05,0.57953,274.67,0.0067711,0,0,1,0.00144,0.00144,0.005,0
3.43E+05,0.57887,274.67,0.0067414,0,0,1,0.00145,0.00145,0.005,0
3.43E+05,0.5798,274.67,0.0067126,0,0,1,0.00146,0.00146,0.005,0
3.43E+05,0.58073,274.67,0.0066839,0,0,1,0.00147,0.00147,0.005,0
3.43E+05,0.58089,274.67,0.0066551,0,0,1,0.00148,0.00148,0.005,0
3.43E+05,0.58029,274.67,0.0066262,0,0,1,0.00149,0.00149,0.005,0
3.43E+05,0.57968,274.67,0.0065974,0,0,1,0.0015,0.0015,0.005,0
3.43E+05,0.58054,274.67,0.0065695,0,0,1,0.00151,0.00151,0.005,0
3.43E+05,0.58141,274.67,0.0065416,0,0,1,0.00152,0.00152,0.005,0
3.43E+05,0.58156,274.67,0.0065137,0,0,1,0.00153,0.00153,0.005,0
3.43E+05,0.581,274.67,0.0064857,0,0,1,0.00154,0.00154,0.005,0
3.43E+05,0.58044,274.67,0.0064578,0,0,1,0.00155,0.00155,0.005,0
3.43E+05,0.58125,274.67,0.0064307,0,0,1,0.00156,0.00156,0.005,0
3.43E+05,0.58205,274.67,0.0064036,0,0,1,0.00157,0.00157,0.005,0
3.43E+05,0.58219,274.66,0.0063765,0,0,1,0.00158,0.00158,0.005,0
3.43E+05,0.58168,274.66,0.0063494,0,0,1,0.00159,0.00159,0.005,0
3.43E+05,0.58116,274.66,0.0063223,0,0,1,0.0016,0.0016,0.005,0
3.43E+05,0.58191,274.66,0.006296,0,0,1,0.00161,0.00161,0.005,0
3.43E+05,0.58266,274.66,0.0062697,0,0,1,0.00162,0.00162,0.005,0
3.43E+05,0.58279,274.66,0.0062435,0,0,1,0.00163,0.00163,0.005,0
3.43E+05,0.58232,274.66,0.0062172,0,0,1,0.00164,0.00164,0.005,0
3.43E+05,0.58184,274.66,0.0061909,0,0,1,0.00165,0.00165,0.005,0
3.43E+05,0.58254,274.66,0.0061654,0,0,1,0.00166,0.00166,0.005,0
3.43E+05,0.58323,274.66,0.0061399,0,0,1,0.00167,0.00167,0.005,0
3.43E+05,0.58336,274.66,0.0061144,0,0,1,0.00168,0.00168,0.005,0
3.43E+05,0.58292,274.66,0.0060889,0,0,1,0.00169,0.00169,0.005,0
3.43E+05,0.58249,274.66,0.0060634,0,0,1,0.0017,0.0017,0.005,0
3.43E+05,0.58313,274.66,0.0060386,0,0,1,0.00171,0.00171,0.005,0
3.43E+05,0.58378,274.66,0.0060139,0,0,1,0.00172,0.00172,0.005,0
3.43E+05,0.5839,274.66,0.0059891,0,0,1,0.00173,0.00173,0.005,0
3.43E+05,0.5835,274.66,0.0059644,0,0,1,0.00174,0.00174,0.005,0
3.43E+05,0.58309,274.66,0.0059397,0,0,1,0.00175,0.00175,0.005,0
3.43E+05,0.58369,274.66,0.0059156,0,0,1,0.00176,0.00176,0.005,0
3.43E+05,0.5843,274.66,0.0058916,0,0,1,0.00177,0.00177,0.005,0
3.43E+05,0.58441,274.65,0.0058676,0,0,1,0.00178,0.00178,0.005,0
3.43E+05,0.58404,274.65,0.0058436,0,0,1,0.00179,0.00179,0.005,0
3.43E+05,0.58366,274.65,0.0058196,0,0,1,0.0018,0.0018,0.005,0
3.43E+05,0.58423,274.65,0.0057963,0,0,1,0.00181,0.00181,0.005,0
3.43E+05,0.58479,274.65,0.0057729,0,0,1,0.00182,0.00182,0.005,0
3.43E+05,0.5849,274.65,0.0057496,0,0,1,0.00183,0.00183,0.005,0
3.43E+05,0.58455,274.65,0.0057263,0,0,1,0.00184,0.00184,0.005,0
3.43E+05,0.58421,274.65,0.005703,0,0,1,0.00185,0.00185,0.005,0
3.43E+05,0.58473,274.65,0.0056804,0,0,1,0.00186,0.00186,0.005,0
3.43E+05,0.58526,274.65,0.0056577,0,0,1,0.00187,0.00187,0.005,0
3.43E+05,0.58536,274.65,0.005635,0,0,1,0.00188,0.00188,0.005,0
3.43E+05,0.58504,274.65,0.0056124,0,0,1,0.00189,0.00189,0.005,0
3.43E+05,0.58472,274.65,0.0055898,0,0,1,0.0019,0.0019,0.005,0
3.43E+05,0.58521,274.65,0.0055678,0,0,1,0.00191,0.00191,0.005,0
3.43E+05,0.58571,274.65,0.0055458,0,0,1,0.00192,0.00192,0.005,0
3.43E+05,0.5858,274.65,0.0055238,0,0,1,0.00193,0.00193,0.005,0
3.43E+05,0.58551,274.65,0.0055018,0,0,1,0.00194,0.00194,0.005,0
3.43E+05,0.58521,274.65,0.0054799,0,0,1,0.00195,0.00195,0.005,0
3.43E+05,0.58567,274.65,0.0054585,0,0,1,0.00196,0.00196,0.005,0
3.43E+05,0.58612,274.65,0.0054372,0,0,1,0.00197,0.00197,0.005,0
3.43E+05,0.58622,274.65,0.0054158,0,0,1,0.00198,0.00198,0.005,0
3.43E+05,0.58595,274.65,0.0053945,0,0,1,0.00199,0.00199,0.005,0
3.43E+05,0.58568,274.65,0.0053731,0,0,1,0.002,0.002,0.005,0
3.43E+05,0.58611,274.65,0.0053522,0,0,1,0.00201,0.00201,0.005,0
3.43E+05,0.58654,274.65,0.0053313,0,0,1,0.00202,0.00202,0.005,0
3.43E+05,0.58663,274.65,0.0053104,0,0,1,0.00203,0.00203,0.005,0
3.43E+05,0.58637,274.64,0.0052897,0,0,1,0.00204,0.00204,0.005,0
3.43E+05,0.58611,274.64,0.005269,0,0,1,0.00205,0.00205,0.005,0
3.43E+05,0.58651,274.64,0.0052488,0,0,1,0.00206,0.00206,0.005,0
3.43E+05,0.58692,274.64,0.0052286,0,0,1,0.00207,0.00207,0.005,0
3.43E+05,0.587,274.64,0.0052085,0,0,1,0.00208,0.00208,0.005,0
3.43E+05,0.58676,274.64,0.0051884,0,0,1,0.00209,0.00209,0.005,0
3.43E+05,0.58652,274.64,0.0051683,0,0,1,0.0021,0.0021,0.005,0
3.43E+05,0.5869,274.64,0.0051487,0,0,1,0.00211,0.00211,0.005,0
3.43E+05,0.58729,274.64,0.0051291,0,0,1,0.00212,0.00212,0.005,0
3.43E+05,0.58737,274.64,0.0051095,0,0,1,0.00213,0.00213,0.005,0
3.43E+05,0.58714,274.64,0.00509,0,0,1,0.00214,0.00214,0.005,0
3.43E+05,0.58692,274.64,0.0050704,0,0,1,0.00215,0.00215,0.005,0
3.43E+05,0.58728,274.64,0.0050513,0,0,1,0.00216,0.00216,0.005,0
3.43E+05,0.58764,274.64,0.0050322,0,0,1,0.00217,0.00217,0.005,0
3.43E+05,0.58771,274.64,0.0050131,0,0,1,0.00218,0.00218,0.005,0
3.43E+05,0.58751,274.64,0.0049941,0,0,1,0.00219,0.00219,0.005,0
3.43E+05,0.5873,274.64,0.0049751,0,0,1,0.0022,0.0022,0.005,0
3.43E+05,0.58764,274.64,0.0049564,0,0,1,0.00221,0.00221,0.005,0
3.43E+05,0.58798,274.64,0.0049377,0,0,1,0.00222,0.00222,0.005,0
3.43E+05,0.58805,274.64,0.0049191,0,0,1,0.00223,0.00223,0.005,0
3.43E+05,0.58786,274.64,0.0049006,0,0,1,0.00224,0.00224,0.005,0
3.43E+05,0.58766,274.64,0.004882,0,0,1,0.00225,0.00225,0.005,0
3.43E+05,0.58796,274.64,0.004864,0,0,1,0.00226,0.00226,0.005,0
3.43E+05,0.58826,274.64,0.004846,0,0,1,0.00227,0.00227,0.005,0
3.43E+05,0.58833,274.64,0.0048281,0,0,1,0.00228,0.00228,0.005,0
3.43E+05,0.58816,274.64,0.0048103,0,0,1,0.00229,0.00229,0.005,0
3.43E+05,0.58799,274.64,0.0047925,0,0,1,0.0023,0.0023,0.005,0
3.43E+05,0.5883,274.64,0.0047748,0,0,1,0.00231,0.00231,0.005,0
3.43E+05,0.58861,274.64,0.0047571,0,0,1,0.00232,0.00232,0.005,0
3.43E+05,0.58867,274.64,0.0047394,0,0,1,0.00233,0.00233,0.005,0
3.43E+05,0.5885,274.64,0.0047218,0,0,1,0.00234,0.00234,0.005,0
3.43E+05,0.58833,274.64,0.0047042,0,0,1,0.00235,0.00235,0.005,0
3.43E+05,0.58861,274.64,0.004687,0,0,1,0.00236,0.00236,0.005,0
3.43E+05,0.58889,274.63,0.0046698,0,0,1,0.00237,0.00237,0.005,0
3.43E+05,0.58895,274.63,0.0046527,0,0,1,0.00238,0.00238,0.005,0
3.43E+05,0.58879,274.63,0.0046357,0,0,1,0.00239,0.00239,0.005,0
3.43E+05,0.58863,274.63,0.0046186,0,0,1,0.0024,0.0024,0.005,0
3.43E+05,0.5889,274.63,0.0046019,0,0,1,0.00241,0.00241,0.005,0
3.43E+05,0.58917,274.63,0.0045852,0,0,1,0.00242,0.00242,0.005,0
3.43E+05,0.58923,274.63,0.0045686,0,0,1,0.00243,0.00243,0.005,0
3.43E+05,0.58908,274.63,0.0045519,0,0,1,0.00244,0.00244,0.005,0
3.43E+05,0.58893,274.63,0.0045353,0,0,1,0.00245,0.00245,0.005,0
3.43E+05,0.58918,274.63,0.0045191,0,0,1,0.00246,0.00246,0.005,0
3.43E+05,0.58944,274.63,0.0045028,0,0,1,0.00247,0.00247,0.005,0
3.43E+05,0.58949,274.63,0.0044865,0,0,1,0.00248,0.00248,0.005,0
3.43E+05,0.58935,274.63,0.0044703,0,0,1,0.00249,0.00249,0.005,0
3.43E+05,0.58921,274.63,0.0044541,0,0,1,0.0025,0.0025,0.005,0
3.43E+05,0.58945,274.63,0.0044382,0,0,1,0.00251,0.00251,0.005,0
3.43E+05,0.5897,274.63,0.0044223,0,0,1,0.00252,0.00252,0.005,0
3.43E+05,0.58975,274.63,0.0044064,0,0,1,0.00253,0.00253,0.005,0
3.43E+05,0.58962,274.63,0.0043906,0,0,1,0.00254,0.00254,0.005,0
3.43E+05,0.58948,274.63,0.0043748,0,0,1,0.00255,0.00255,0.005,0
3.43E+05,0.5897,274.63,0.0043595,0,0,1,0.00256,0.00256,0.005,0
3.43E+05,0.58991,274.63,0.0043441,0,0,1,0.00257,0.00257,0.005,0
3.43E+05,0.58996,274.63,0.0043288,0,0,1,0.00258,0.00258,0.005,0
3.43E+05,0.58985,274.63,0.0043136,0,0,1,0.00259,0.00259,0.005,0
3.43E+05,0.58973,274.63,0.0042985,0,0,1,0.0026,0.0026,0.005,0
3.43E+05,0.58995,274.63,0.0042834,0,0,1,0.00261,0.00261,0.005,0
3.43E+05,0.59017,274.63,0.0042683,0,0,1,0.00262,0.00262,0.005,0
3.43E+05,0.59022,274.63,0.0042533,0,0,1,0.00263,0.00263,0.005,0
3.43E+05,0.59011,274.63,0.0042382,0,0,1,0.00264,0.00264,0.005,0
3.43E+05,0.58999,274.63,0.0042232,0,0,1,0.00265,0.00265,0.005,0
3.43E+05,0.59019,274.63,0.0042085,0,0,1,0.00266,0.00266,0.005,0
3.43E+05,0.5904,274.63,0.0041937,0,0,1,0.00267,0.00267,0.005,0
3.43E+05,0.59044,274.63,0.004179,0,0,1,0.00268,0.00268,0.005,0
3.43E+05,0.59033,274.63,0.0041644,0,0,1,0.00269,0.00269,0.005,0
3.43E+05,0.59022,274.63,0.0041498,0,0,1,0.0027,0.0027,0.005,0
3.43E+05,0.59042,274.63,0.0041354,0,0,1,0.00271,0.00271,0.005,0
3.43E+05,0.59061,274.63,0.004121,0,0,1,0.00272,0.00272,0.005,0
3.43E+05,0.59065,274.63,0.0041067,0,0,1,0.00273,0.00273,0.005,0
3.43E+05,0.59055,274.63,0.0040925,0,0,1,0.00274,0.00274,0.005,0
3.43E+05,0.59045,274.63,0.0040783,0,0,1,0.00275,0.00275,0.005,0
3.43E+05,0.59063,274.63,0.0040643,0,0,1,0.00276,0.00276,0.005,0
3.43E+05,0.59081,274.63,0.0040503,0,0,1,0.00277,0.00277,0.005,0
3.43E+05,0.59086,274.63,0.0040364,0,0,1,0.00278,0.00278,0.005,0
3.43E+05,0.59077,274.63,0.0040224,0,0,1,0.00279,0.00279,0.005,0
3.43E+05,0.59068,274.63,0.0040085,0,0,1,0.0028,0.0028,0.005,0
3.43E+05,0.59085,274.62,0.0039947,0,0,1,0.00281,0.00281,0.005,0
3.43E+05,0.59102,274.62,0.003981,0,0,1,0.00282,0.00282,0.005,0
3.43E+05,0.59106,274.62,0.0039673,0,0,1,0.00283,0.00283,0.005,0
3.43E+05,0.59096,274.62,0.0039538,0,0,1,0.00284,0.00284,0.005,0
3.43E+05,0.59087,274.62,0.0039402,0,0,1,0.00285,0.00285,0.005,0
3.43E+05,0.59103,274.62,0.003927,0,0,1,0.00286,0.00286,0.005,0
3.43E+05,0.59118,274.62,0.0039138,0,0,1,0.00287,0.00287,0.005,0
3.43E+05,0.59122,274.62,0.0039007,0,0,1,0.00288,0.00288,0.005,0
3.43E+05,0.59114,274.62,0.0038876,0,0,1,0.00289,0.00289,0.005,0
3.43E+05,0.59106,274.62,0.0038746,0,0,1,0.0029,0.0029,0.005,0
3.43E+05,0.59122,274.62,0.0038616,0,0,1,0.00291,0.00291,0.005,0
3.43E+05,0.59138,274.62,0.0038486,0,0,1,0.00292,0.00292,0.005,0
3.43E+05,0.59142,274.62,0.0038356,0,0,1,0.00293,0.00293,0.005,0
3.43E+05,0.59134,274.62,0.0038227,0,0,1,0.00294,0.00294,0.005,0
3.43E+05,0.59126,274.62,0.0038098,0,0,1,0.00295,0.00295,0.005,0
3.43E+05,0.59141,274.62,0.0037971,0,0,1,0.00296,0.00296,0.005,0
3.43E+05,0.59156,274.62,0.0037844,0,0,1,0.00297,0.00297,0.005,0
3.43E+05,0.5916,274.62,0.0037717,0,0,1,0.00298,0.00298,0.005,0
3.43E+05,0.59152,274.62,0.003759,0,0,1,0.00299,0.00299,0.005,0
3.43E+05,0.59145,274.62,0.0037464,0,0,1,0.003,0.003,0.005,0
3.43E+05,0.59159,274.62,0.0037339,0,0,1,0.00301,0.00301,0.005,0
3.43E+05,0.59173,274.62,0.0037215,0,0,1,0.00302,0.00302,0.005,0
3.43E+05,0.59176,274.62,0.0037091,0,0,1,0.00303,0.00303,0.005,0
3.43E+05,0.59169,274.62,0.0036968,0,0,1,0.00304,0.00304,0.005,0
3.43E+05,0.59162,274.62,0.0036845,0,0,1,0.00305,0.00305,0.005,0
3.43E+05,0.59175,274.62,0.0036724,0,0,1,0.00306,0.00306,0.005,0
3.43E+05,0.59189,274.62,0.0036603,0,0,1,0.00307,0.00307,0.005,0
3.43E+05,0.59192,274.62,0.0036483,0,0,1,0.00308,0.00308,0.005,0
3.43E+05,0.59185,274.62,0.0036363,0,0,1,0.00309,0.00309,0.005,0
3.43E+05,0.59178,274.62,0.0036244,0,0,1,0.0031,0.0031,0.005,0
3.43E+05,0.59191,274.62,0.0036126,0,0,1,0.00311,0.00311,0.005,0
3.43E+05,0.59204,274.62,0.0036008,0,0,1,0.00312,0.00312,0.005,0
3.43E+05,0.59207,274.62,0.003589,0,0,1,0.00313,0.00313,0.005,0
3.43E+05,0.59201,274.62,0.0035773,0,0,1,0.00314,0.00314,0.005,0
3.43E+05,0.59195,274.62,0.0035656,0,0,1,0.00315,0.00315,0.005,0
3.43E+05,0.59207,274.62,0.003554,0,0,1,0.00316,0.00316,0.005,0
3.43E+05,0.59219,274.62,0.0035425,0,0,1,0.00317,0.00317,0.005,0
3.43E+05,0.59222,274.62,0.0035309,0,0,1,0.00318,0.00318,0.005,0
3.43E+05,0.59216,274.62,0.0035195,0,0,1,0.00319,0.00319,0.005,0
3.43E+05,0.5921,274.62,0.003508,0,0,1,0.0032,0.0032,0.005,0
3.43E+05,0.59222,274.62,0.0034967,0,0,1,0.00321,0.00321,0.005,0
3.43E+05,0.59234,274.62,0.0034854,0,0,1,0.00322,0.00322,0.005,0
3.43E+05,0.59237,274.62,0.0034741,0,0,1,0.00323,0.00323,0.005,0
3.43E+05,0.59231,274.62,0.0034629,0,0,1,0.00324,0.00324,0.005,0
3.43E+05,0.59225,274.62,0.0034518,0,0,1,0.00325,0.00325,0.005,0
3.43E+05,0.59235,274.62,0.0034408,0,0,1,0.00326,0.00326,0.005,0
3.43E+05,0.59246,274.62,0.0034299,0,0,1,0.00327,0.00327,0.005,0
3.43E+05,0.59249,274.62,0.003419,0,0,1,0.00328,0.00328,0.005,0
3.43E+05,0.59244,274.62,0.0034081,0,0,1,0.00329,0.00329,0.005,0
3.43E+05,0.59239,274.62,0.0033972,0,0,1,0.0033,0.0033,0.005,0
3.43E+05,0.5925,274.62,0.0033864,0,0,1,0.00331,0.00331,0.005,0
3.43E+05,0.59261,274.62,0.0033756,0,0,1,0.00332,0.00332,0.005,0
3.43E+05,0.59264,274.62,0.0033649,0,0,1,0.00333,0.00333,0.005,0
3.43E+05,0.59259,274.62,0.0033541,0,0,1,0.00334,0.00334,0.005,0
3.43E+05,0.59253,274.62,0.0033434,0,0,1,0.00335,0.00335,0.005,0
3.43E+05,0.59264,274.62,0.0033329,0,0,1,0.00336,0.00336,0.005,0
3.43E+05,0.59274,274.62,0.0033223,0,0,1,0.00337,0.00337,0.005,0
3.43E+05,0.59276,274.62,0.0033118,0,0,1,0.00338,0.00338,0.005,0
3.43E+05,0.59271,274.62,0.0033013,0,0,1,0.00339,0.00339,0.005,0
3.43E+05,0.59267,274.62,0.0032908,0,0,1,0.0034,0.0034,0.005,0
3.43E+05,0.59276,274.61,0.0032805,0,0,1,0.00341,0.00341,0.005,0
3.43E+05,0.59286,274.61,0.0032702,0,0,1,0.00342,0.00342,0.005,0
3.43E+05,0.59288,274.61,0.00326,0,0,1,0.00343,0.00343,0.005,0
3.43E+05,0.59284,274.61,0.0032498,0,0,1,0.00344,0.00344,0.005,0
3.43E+05,0.59279,274.61,0.0032395,0,0,1,0.00345,0.00345,0.005,0
3.43E+05,0.59288,274.61,0.0032295,0,0,1,0.00346,0.00346,0.005,0
3.43E+05,0.59298,274.61,0.0032194,0,0,1,0.00347,0.00347,0.005,0
3.43E+05,0.593,274.61,0.0032093,0,0,1,0.00348,0.00348,0.005,0
3.43E+05,0.59296,274.61,0.0031993,0,0,1,0.00349,0.00349,0.005,0
3.43E+05,0.59292,274.61,0.0031893,0,0,1,0.0035,0.0035,0.005,0
3.43E+05,0.59301,274.61,0.0031794,0,0,1,0.00351,0.00351,0.005,0
3.43E+05,0.59309,274.61,0.0031694,0,0,1,0.00352,0.00352,0.005,0
3.43E+05,0.59311,274.61,0.0031596,0,0,1,0.00353,0.00353,0.005,0
3.43E+05,0.59307,274.61,0.0031499,0,0,1,0.00354,0.00354,0.005,0
3.43E+05,0.59303,274.61,0.0031401,0,0,1,0.00355,0.00355,0.005,0
3.43E+05,0.59311,274.61,0.0031306,0,0,1,0.00356,0.00356,0.005,0
3.43E+05,0.59319,274.61,0.0031211,0,0,1,0.00357,0.00357,0.005,0
3.43E+05,0.59321,274.61,0.0031115,0,0,1,0.00358,0.00358,0.005,0
3.43E+05,0.59318,274.61,0.0031021,0,0,1,0.00359,0.00359,0.005,0
3.43E+05,0.59314,274.61,0.0030926,0,0,1,0.0036,0.0036,0.005,0
3.43E+05,0.59322,274.61,0.0030831,0,0,1,0.00361,0.00361,0.005,0
3.43E+05,0.59331,274.61,0.0030737,0,0,1,0.00362,0.00362,0.005,0
3.43E+05,0.59333,274.61,0.0030643,0,0,1,0.00363,0.00363,0.005,0
3.43E+05,0.59329,274.61,0.0030549,0,0,1,0.00364,0.00364,0.005,0
3.43E+05,0.59326,274.61,0.0030456,0,0,1,0.00365,0.00365,0.005,0
3.43E+05,0.59333,274.61,0.0030363,0,0,1,0.00366,0.00366,0.005,0
3.43E+05,0.59341,274.61,0.0030271,0,0,1,0.00367,0.00367,0.005,0
3.43E+05,0.59343,274.61,0.0030179,0,0,1,0.00368,0.00368,0.005,0
3.43E+05,0.5934,274.61,0.0030087,0,0,1,0.00369,0.00369,0.005,0
3.43E+05,0.59337,274.61,0.0029995,0,0,1,0.0037,0.0037,0.005,0
3.43E+05,0.59344,274.61,0.0029905,0,0,1,0.00371,0.00371,0.005,0
3.43E+05,0.59351,274.61,0.0029814,0,0,1,0.00372,0.00372,0.005,0
3.43E+05,0.59353,274.61,0.0029724,0,0,1,0.00373,0.00373,0.005,0
3.43E+05,0.59349,274.61,0.0029635,0,0,1,0.00374,0.00374,0.005,0
3.43E+05,0.59346,274.61,0.0029545,0,0,1,0.00375,0.00375,0.005,0
3.43E+05,0.59353,274.61,0.0029457,0,0,1,0.00376,0.00376,0.005,0
3.43E+05,0.5936,274.61,0.0029369,0,0,1,0.00377,0.00377,0.005,0
3.43E+05,0.59362,274.61,0.0029281,0,0,1,0.00378,0.00378,0.005,0
3.43E+05,0.59359,274.61,0.0029194,0,0,1,0.00379,0.00379,0.005,0
3.43E+05,0.59356,274.61,0.0029107,0,0,1,0.0038,0.0038,0.005,0
3.43E+05,0.59362,274.61,0.002902,0,0,1,0.00381,0.00381,0.005,0
3.43E+05,0.59369,274.61,0.0028934,0,0,1,0.00382,0.00382,0.005,0
3.43E+05,0.59371,274.61,0.0028848,0,0,1,0.00383,0.00383,0.005,0
3.43E+05,0.59368,274.61,0.0028762,0,0,1,0.00384,0.00384,0.005,0
3.43E+05,0.59365,274.61,0.0028677,0,0,1,0.00385,0.00385,0.005,0
3.43E+05,0.59372,274.61,0.0028592,0,0,1,0.00386,0.00386,0.005,0
3.43E+05,0.59378,274.61,0.0028507,0,0,1,0.00387,0.00387,0.005,0
3.43E+05,0.5938,274.61,0.0028423,0,0,1,0.00388,0.00388,0.005,0
3.43E+05,0.59377,274.61,0.0028339,0,0,1,0.00389,0.00389,0.005,0
3.43E+05,0.59374,274.61,0.0028255,0,0,1,0.0039,0.0039,0.005,0
3.43E+05,0.59381,274.61,0.0028172,0,0,1,0.00391,0.00391,0.005,0
3.43E+05,0.59387,274.61,0.0028089,0,0,1,0.00392,0.00392,0.005,0
3.43E+05,0.59388,274.61,0.0028007,0,0,1,0.00393,0.00393,0.005,0
3.43E+05,0.59385,274.61,0.0027925,0,0,1,0.00394,0.00394,0.005,0
3.43E+05,0.59383,274.61,0.0027843,0,0,1,0.00395,0.00395,0.005,0
3.43E+05,0.59388,274.61,0.0027763,0,0,1,0.00396,0.00396,0.005,0
3.43E+05,0.59394,274.61,0.0027682,0,0,1,0.00397,0.00397,0.005,0
3.43E+05,0.59396,274.61,0.0027602,0,0,1,0.00398,0.00398,0.005,0
3.43E+05,0.59394,274.61,0.0027521,0,0,1,0.00399,0.00399,0.005,0
3.43E+05,0.59392,274.61,0.0027441,0,0,1,0.004,0.004,0.005,0
3.43E+05,0.59397,274.61,0.0027361,0,0,1,0.00401,0.00401,0.005,0
3.43E+05,0.59403,274.61,0.0027281,0,0,1,0.00402,0.00402,0.005,0
3.43E+05,0.59405,274.61,0.0027202,0,0,1,0.00403,0.00403,0.005,0
3.43E+05,0.59402,274.61,0.0027123,0,0,1,0.00404,0.00404,0.005,0
3.43E+05,0.594,274.61,0.0027044,0,0,1,0.00405,0.00405,0.005,0
3.43E+05,0.59405,274.61,0.0026967,0,0,1,0.00406,0.00406,0.005,0
3.43E+05,0.5941,274.61,0.0026889,0,0,1,0.00407,0.00407,0.005,0
3.43E+05,0.59412,274.61,0.0026812,0,0,1,0.00408,0.00408,0.005,0
3.43E+05,0.5941,274.61,0.0026734,0,0,1,0.00409,0.00409,0.005,0
3.43E+05,0.59408,274.61,0.0026657,0,0,1,0.0041,0.0041,0.005,0
3.43E+05,0.59413,274.61,0.002658,0,0,1,0.00411,0.00411,0.005,0
3.43E+05,0.59418,274.61,0.0026504,0,0,1,0.00412,0.00412,0.005,0
3.43E+05,0.59419,274.61,0.0026428,0,0,1,0.00413,0.00413,0.005,0
3.43E+05,0.59417,274.61,0.0026353,0,0,1,0.00414,0.00414,0.005,0
3.43E+05,0.59414,274.61,0.0026278,0,0,1,0.00415,0.00415,0.005,0
3.43E+05,0.59419,274.61,0.0026204,0,0,1,0.00416,0.00416,0.005,0
3.43E+05,0.59424,274.61,0.002613,0,0,1,0.00417,0.00417,0.005,0
3.43E+05,0.59426,274.61,0.0026056,0,0,1,0.00418,0.00418,0.005,0
3.43E+05,0.59424,274.61,0.0025983,0,0,1,0.00419,0.00419,0.005,0
3.43E+05,0.59422,274.61,0.0025909,0,0,1,0.0042,0.0042,0.005,0
3.43E+05,0.59427,274.61,0.0025836,0,0,1,0.00421,0.00421,0.005,0
3.43E+05,0.59432,274.61,0.0025763,0,0,1,0.00422,0.00422,0.005,0
3.43E+05,0.59433,274.61,0.002569,0,0,1,0.00423,0.00423,0.005,0
3.43E+05,0.59431,274.61,0.0025617,0,0,1,0.00424,0.00424,0.005,0
3.43E+05,0.59429,274.61,0.0025545,0,0,1,0.00425,0.00425,0.005,0
3.43E+05,0.59434,274.6,0.0025474,0,0,1,0.00426,0.00426,0.005,0
3.43E+05,0.59438,274.6,0.0025403,0,0,1,0.00427,0.00427,0.005,0
3.43E+05,0.5944,274.6,0.0025331,0,0,1,0.00428,0.00428,0.005,0
3.43E+05,0.59438,274.6,0.002526,0,0,1,0.00429,0.00429,0.005,0
3.43E+05,0.59437,274.6,0.0025189,0,0,1,0.0043,0.0043,0.005,0
3.43E+05,0.59441,274.6,0.0025119,0,0,1,0.00431,0.00431,0.005,0
3.43E+05,0.59445,274.6,0.0025048,0,0,1,0.00432,0.00432,0.005,0
3.43E+05,0.59446,274.6,0.0024978,0,0,1,0.00433,0.00433,0.005,0
3.43E+05,0.59445,274.6,0.0024908,0,0,1,0.00434,0.00434,0.005,0
3.43E+05,0.59443,274.6,0.0024839,0,0,1,0.00435,0.00435,0.005,0
3.43E+05,0.59447,274.6,0.002477,0,0,1,0.00436,0.00436,0.005,0
3.43E+05,0.59451,274.6,0.0024701,0,0,1,0.00437,0.00437,0.005,0
3.43E+05,0.59452,274.6,0.0024633,0,0,1,0.00438,0.00438,0.005,0
3.43E+05,0.59451,274.6,0.0024565,0,0,1,0.00439,0.00439,0.005,0
3.43E+05,0.59449,274.6,0.0024497,0,0,1,0.0044,0.0044,0.005,0
3.43E+05,0.59453,274.6,0.002443,0,0,1,0.00441,0.00441,0.005,0
3.43E+05,0.59457,274.6,0.0024362,0,0,1,0.00442,0.00442,0.005,0
3.43E+05,0.59458,274.6,0.0024295,0,0,1,0.00443,0.00443,0.005,0
3.43E+05,0.59457,274.6,0.0024229,0,0,1,0.00444,0.00444,0.005,0
3.43E+05,0.59455,274.6,0.0024162,0,0,1,0.00445,0.00445,0.005,0
3.43E+05,0.59459,274.6,0.0024097,0,0,1,0.00446,0.00446,0.005,0
3.43E+05,0.59463,274.6,0.0024031,0,0,1,0.00447,0.00447,0.005,0
3.43E+05,0.59464,274.6,0.0023966,0,0,1,0.00448,0.00448,0.005,0
3.43E+05,0.59463,274.6,0.00239,0,0,1,0.00449,0.00449,0.005,0
3.43E+05,0.59462,274.6,0.0023834,0,0,1,0.0045,0.0045,0.005,0
3.43E+05,0.59465,274.6,0.0023769,0,0,1,0.00451,0.00451,0.005,0
3.43E+05,0.59469,274.6,0.0023704,0,0,1,0.00452,0.00452,0.005,0
3.43E+05,0.5947,274.6,0.002364,0,0,1,0.00453,0.00453,0.005,0
3.43E+05,0.59468,274.6,0.0023576,0,0,1,0.00454,0.00454,0.005,0
3.43E+05,0.59467,274.6,0.0023512,0,0,1,0.00455,0.00455,0.005,0
3.43E+05,0.5947,274.6,0.0023449,0,0,1,0.00456,0.00456,0.005,0
3.43E+05,0.59474,274.6,0.0023386,0,0,1,0.00457,0.00457,0.005,0
3.43E+05,0.59475,274.6,0.0023323,0,0,1,0.00458,0.00458,0.005,0
3.43E+05,0.59474,274.6,0.002326,0,0,1,0.00459,0.00459,0.005,0
3.43E+05,0.59473,274.6,0.0023197,0,0,1,0.0046,0.0046,0.005,0
3.43E+05,0.59476,274.6,0.0023135,0,0,1,0.00461,0.00461,0.005,0
3.43E+05,0.59479,274.6,0.0023072,0,0,1,0.00462,0.00462,0.005,0
3.43E+05,0.5948,274.6,0.002301,0,0,1,0.00463,0.00463,0.005,0
3.43E+05,0.59479,274.6,0.0022949,0,0,1,0.00464,0.00464,0.005,0
3.43E+05,0.59478,274.6,0.0022887,0,0,1,0.00465,0.00465,0.005,0
3.43E+05,0.59481,274.6,0.0022826,0,0,1,0.00466,0.00466,0.005,0
3.43E+05,0.59484,274.6,0.0022765,0,0,1,0.00467,0.00467,0.005,0
3.43E+05,0.59486,274.6,0.0022704,0,0,1,0.00468,0.00468,0.005,0
3.43E+05,0.59484,274.6,0.0022644,0,0,1,0.00469,0.00469,0.005,0
3.43E+05,0.59483,274.6,0.0022583,0,0,1,0.0047,0.0047,0.005,0
3.43E+05,0.59486,274.6,0.0022523,0,0,1,0.00471,0.00471,0.005,0
3.43E+05,0.59489,274.6,0.0022463,0,0,1,0.00472,0.00472,0.005,0
3.43E+05,0.5949,274.6,0.0022404,0,0,1,0.00473,0.00473,0.005,0
3.43E+05,0.59489,274.6,0.0022345,0,0,1,0.00474,0.00474,0.005,0
3.43E+05,0.59488,274.6,0.0022286,0,0,1,0.00475,0.00475,0.005,0
3.43E+05,0.59491,274.6,0.0022228,0,0,1,0.00476,0.00476,0.005,0
3.43E+05,0.59494,274.6,0.002217,0,0,1,0.00477,0.00477,0.005,0
3.43E+05,0.59495,274.6,0.0022112,0,0,1,0.00478,0.00478,0.005,0
3.43E+05,0.59494,274.6,0.0022054,0,0,1,0.00479,0.00479,0.005,0
3.43E+05,0.59493,274.6,0.0021996,0,0,1,0.0048,0.0048,0.005,0
3.43E+05,0.59496,274.6,0.0021938,0,0,1,0.00481,0.00481,0.005,0
3.43E+05,0.59499,274.6,0.002188,0,0,1,0.00482,0.00482,0.005,0
3.43E+05,0.595,274.6,0.0021823,0,0,1,0.00483,0.00483,0.005,0
3.43E+05,0.59499,274.6,0.0021766,0,0,1,0.00484,0.00484,0.005,0
3.43E+05,0.59497,274.6,0.0021709,0,0,1,0.00485,0.00485,0.005,0
3.43E+05,0.595,274.6,0.0021653,0,0,1,0.00486,0.00486,0.005,0
3.43E+05,0.59503,274.6,0.0021597,0,0,1,0.00487,0.00487,0.005,0
3.43E+05,0.59504,274.6,0.0021541,0,0,1,0.00488,0.00488,0.005,0
3.43E+05,0.59503,274.6,0.0021485,0,0,1,0.00489,0.00489,0.005,0
3.43E+05,0.59502,274.6,0.0021429,0,0,1,0.0049,0.0049,0.005,0
3.43E+05,0.59505,274.6,0.0021373,0,0,1,0.00491,0.00491,0.005,0
3.43E+05,0.59508,274.6,0.0021317,0,0,1,0.00492,0.00492,0.005,0
3.43E+05,0.59508,274.6,0.0021262,0,0,1,0.00493,0.00493,0.005,0
3.43E+05,0.59507,274.6,0.0021207,0,0,1,0.00494,0.00494,0.005,0
3.43E+05,0.59506,274.6,0.0021152,0,0,1,0.00495,0.00495,0.005,0
3.43E+05,0.59509,274.6,0.0021098,0,0,1,0.00496,0.00496,0.005,0
3.43E+05,0.59512,274.6,0.0021044,0,0,1,0.00497,0.00497,0.005,0
3.43E+05,0.59513,274.6,0.002099,0,0,1,0.00498,0.00498,0.005,0
3.43E+05,0.59512,274.6,0.0020936,0,0,1,0.00499,0.00499,0.005,0
3.43E+05,0.59511,274.6,0.0020882,0,0,1,0.005,0.005,0.005,0
3.43E+05,0.59513,274.6,0.0020829,0,0,1,0.00501,0.00501,0.005,0
3.43E+05,0.59516,274.6,0.0020776,0,0,1,0.00502,0.00502,0.005,0
3.43E+05,0.59516,274.6,0.0020723,0,0,1,0.00503,0.00503,0.005,0
3.43E+05,0.59516,274.6,0.002067,0,0,1,0.00504,0.00504,0.005,0
3.43E+05,0.59515,274.6,0.0020618,0,0,1,0.00505,0.00505,0.005,0
3.43E+05,0.59517,274.6,0.0020566,0,0,1,0.00506,0.00506,0.005,0
3.43E+05,0.5952,274.6,0.0020514,0,0,1,0.00507,0.00507,0.005,0
3.43E+05,0.5952,274.6,0.0020462,0,0,1,0.00508,0.00508,0.005,0
3.43E+05,0.5952,274.6,0.002041,0,0,1,0.00509,0.00509,0.005,0
3.43E+05,0.59519,274.6,0.0020358,0,0,1,0.0051,0.0051,0.005,0
3.43E+05,0.59521,274.6,0.0020306,0,0,1,0.00511,0.00511,0.005,0
3.43E+05,0.59524,274.6,0.0020255,0,0,1,0.00512,0.00512,0.005,0
3.43E+05,0.59524,274.6,0.0020204,0,0,1,0.00513,0.00513,0.005,0
3.43E+05,0.59523,274.6,0.0020153,0,0,1,0.00514,0.00514,0.005,0
3.43E+05,0.59522,274.6,0.0020102,0,0,1,0.00515,0.00515,0.005,0
3.43E+05,0.59525,274.6,0.0020052,0,0,1,0.00516,0.00516,0.005,0
3.43E+05,0.59527,274.6,0.0020002,0,0,1,0.00517,0.00517,0.005,0
3.43E+05,0.59528,274.6,0.0019952,0,0,1,0.00518,0.00518,0.005,0
3.43E+05,0.59527,274.6,0.0019902,0,0,1,0.00519,0.00519,0.005,0
3.43E+05,0.59527,274.6,0.0019852,0,0,1,0.0052,0.0052,0.005,0
3.43E+05,0.59529,274.6,0.0019802,0,0,1,0.00521,0.00521,0.005,0
3.43E+05,0.59531,274.6,0.0019753,0,0,1,0.00522,0.00522,0.005,0
3.43E+05,0.59531,274.6,0.0019703,0,0,1,0.00523,0.00523,0.005,0
3.43E+05,0.59531,274.6,0.0019654,0,0,1,0.00524,0.00524,0.005,0
3.43E+05,0.5953,274.6,0.0019605,0,0,1,0.00525,0.00525,0.005,0
3.43E+05,0.59532,274.6,0.0019557,0,0,1,0.00526,0.00526,0.005,0
3.43E+05,0.59534,274.6,0.0019508,0,0,1,0.00527,0.00527,0.005,0
3.43E+05,0.59535,274.6,0.001946,0,0,1,0.00528,0.00528,0.005,0
3.43E+05,0.59534,274.6,0.0019412,0,0,1,0.00529,0.00529,0.005,0
3.43E+05,0.59534,274.6,0.0019364,0,0,1,0.0053,0.0053,0.005,0
3.43E+05,0.59535,274.6,0.0019316,0,0,1,0.00531,0.00531,0.005,0
3.43E+05,0.59537,274.6,0.0019268,0,0,1,0.00532,0.00532,0.005,0
3.43E+05,0.59538,274.6,0.0019221,0,0,1,0.00533,0.00533,0.005,0
3.43E+05,0.59537,274.6,0.0019174,0,0,1,0.00534,0.00534,0.005,0
3.43E+05,0.59537,274.6,0.0019127,0,0,1,0.00535,0.00535,0.005,0
3.43E+05,0.59539,274.6,0.001908,0,0,1,0.00536,0.00536,0.005,0
3.43E+05,0.59541,274.6,0.0019034,0,0,1,0.00537,0.00537,0.005,0
3.43E+05,0.59541,274.6,0.0018987,0,0,1,0.00538,0.00538,0.005,0
3.43E+05,0.59541,274.6,0.001894,0,0,1,0.00539,0.00539,0.005,0
3.43E+05,0.59541,274.6,0.0018894,0,0,1,0.0054,0.0054,0.005,0
3.43E+05,0.59542,274.6,0.0018848,0,0,1,0.00541,0.00541,0.005,0
3.43E+05,0.59544,274.6,0.0018802,0,0,1,0.00542,0.00542,0.005,0
3.43E+05,0.59545,274.6,0.0018756,0,0,1,0.00543,0.00543,0.005,0
3.43E+05,0.59544,274.59,0.001871,0,0,1,0.00544,0.00544,0.005,0
3.43E+05,0.59543,274.59,0.0018664,0,0,1,0.00545,0.00545,0.005,0
3.43E+05,0.59545,274.59,0.0018619,0,0,1,0.00546,0.00546,0.005,0
3.43E+05,0.59547,274.59,0.0018574,0,0,1,0.00547,0.00547,0.005,0
3.43E+05,0.59548,274.59,0.0018529,0,0,1,0.00548,0.00548,0.005,0
3.43E+05,0.59547,274.59,0.0018484,0,0,1,0.00549,0.00549,0.005,0
3.43E+05,0.59547,274.59,0.001844,0,0,1,0.0055,0.0055,0.005,0
3.43E+05,0.59548,274.59,0.0018395,0,0,1,0.00551,0.00551,0.005,0
3.43E+05,0.5955,274.59,0.0018351,0,0,1,0.00552,0.00552,0.005,0
3.43E+05,0.5955,274.59,0.0018307,0,0,1,0.00553,0.00553,0.005,0
3.43E+05,0.5955,274.59,0.0018263,0,0,1,0.00554,0.00554,0.005,0
3.43E+05,0.59549,274.59,0.0018219,0,0,1,0.00555,0.00555,0.005,0
3.43E+05,0.59551,274.59,0.0018176,0,0,1,0.00556,0.00556,0.005,0
3.43E+05,0.59553,274.59,0.0018132,0,0,1,0.00557,0.00557,0.005,0
3.43E+05,0.59553,274.59,0.0018089,0,0,1,0.00558,0.00558,0.005,0
3.43E+05,0.59553,274.59,0.0018045,0,0,1,0.00559,0.00559,0.005,0
3.43E+05,0.59553,274.59,0.0018002,0,0,1,0.0056,0.0056,0.005,0
3.43E+05,0.59554,274.59,0.0017959,0,0,1,0.00561,0.00561,0.005,0
3.43E+05,0.59556,274.59,0.0017916,0,0,1,0.00562,0.00562,0.005,0
3.43E+05,0.59556,274.59,0.0017873,0,0,1,0.00563,0.00563,0.005,0
3.43E+05,0.59556,274.59,0.0017831,0,0,1,0.00564,0.00564,0.005,0
3.43E+05,0.59555,274.59,0.0017788,0,0,1,0.00565,0.00565,0.005,0
3.43E+05,0.59557,274.59,0.0017747,0,0,1,0.00566,0.00566,0.005,0
3.43E+05,0.59558,274.59,0.0017705,0,0,1,0.00567,0.00567,0.005,0
3.43E+05,0.59559,274.59,0.0017663,0,0,1,0.00568,0.00568,0.005,0
3.43E+05,0.59558,274.59,0.0017621,0,0,1,0.00569,0.00569,0.005,0
3.43E+05,0.59558,274.59,0.0017579,0,0,1,0.0057,0.0057,0.005,0
3.43E+05,0.5956,274.59,0.0017537,0,0,1,0.00571,0.00571,0.005,0
3.43E+05,0.59561,274.59,0.0017496,0,0,1,0.00572,0.00572,0.005,0
3.43E+05,0.59561,274.59,0.0017454,0,0,1,0.00573,0.00573,0.005,0
3.43E+05,0.59561,274.59,0.0017414,0,0,1,0.00574,0.00574,0.005,0
3.43E+05,0.5956,274.59,0.0017373,0,0,1,0.00575,0.00575,0.005,0
3.43E+05,0.59562,274.59,0.0017332,0,0,1,0.00576,0.00576,0.005,0
3.43E+05,0.59563,274.59,0.0017291,0,0,1,0.00577,0.00577,0.005,0
3.43E+05,0.59564,274.59,0.0017251,0,0,1,0.00578,0.00578,0.005,0
3.43E+05,0.59564,274.59,0.001721,0,0,1,0.00579,0.00579,0.005,0
3.43E+05,0.59563,274.59,0.001717,0,0,1,0.0058,0.0058,0.005,0
3.43E+05,0.59565,274.59,0.001713,0,0,1,0.00581,0.00581,0.005,0
3.43E+05,0.59566,274.59,0.001709,0,0,1,0.00582,0.00582,0.005,0
3.43E+05,0.59566,274.59,0.001705,0,0,1,0.00583,0.00583,0.005,0
3.43E+05,0.59566,274.59,0.001701,0,0,1,0.00584,0.00584,0.005,0
3.43E+05,0.59566,274.59,0.001697,0,0,1,0.00585,0.00585,0.005,0
3.43E+05,0.59567,274.59,0.0016931,0,0,1,0.00586,0.00586,0.005,0
3.43E+05,0.59568,274.59,0.0016892,0,0,1,0.00587,0.00587,0.005,0
3.43E+05,0.59569,274.59,0.0016852,0,0,1,0.00588,0.00588,0.005,0
3.43E+05,0.59568,274.59,0.0016813,0,0,1,0.00589,0.00589,0.005,0
3.43E+05,0.59568,274.59,0.0016774,0,0,1,0.0059,0.0059,0.005,0
3.43E+05,0.59569,274.59,0.0016736,0,0,1,0.00591,0.00591,0.005,0
3.43E+05,0.5957,274.59,0.0016697,0,0,1,0.00592,0.00592,0.005,0
3.43E+05,0.59571,274.59,0.0016658,0,0,1,0.00593,0.00593,0.005,0
3.43E+05,0.59571,274.59,0.001662,0,0,1,0.00594,0.00594,0.005,0
3.43E+05,0.5957,274.59,0.0016582,0,0,1,0.00595,0.00595,0.005,0
3.43E+05,0.59572,274.59,0.0016544,0,0,1,0.00596,0.00596,0.005,0
3.43E+05,0.59573,274.59,0.0016506,0,0,1,0.00597,0.00597,0.005,0
3.43E+05,0.59573,274.59,0.0016468,0,0,1,0.00598,0.00598,0.005,0
3.43E+05,0.59573,274.59,0.001643,0,0,1,0.00599,0.00599,0.005,0
3.43E+05,0.59573,274.59,0.0016392,0,0,1,0.006,0.006,0.005,0
3.43E+05,0.59574,274.59,0.0016354,0,0,1,0.00601,0.00601,0.005,0
3.43E+05,0.59575,274.59,0.0016317,0,0,1,0.00602,0.00602,0.005,0
3.43E+05,0.59575,274.59,0.0016279,0,0,1,0.00603,0.00603,0.005,0
3.43E+05,0.59575,274.59,0.0016242,0,0,1,0.00604,0.00604,0.005,0
3.43E+05,0.59575,274.59,0.0016205,0,0,1,0.00605,0.00605,0.005,0
3.43E+05,0.59576,274.59,0.0016169,0,0,1,0.00606,0.00606,0.005,0
3.43E+05,0.59577,274.59,0.0016132,0,0,1,0.00607,0.00607,0.005,0
3.43E+05,0.59578,274.59,0.0016095,0,0,1,0.00608,0.00608,0.005,0
3.43E+05,0.59577,274.59,0.0016058,0,0,1,0.00609,0.00609,0.005,0
3.43E+05,0.59577,274.59,0.0016022,0,0,1,0.0061,0.0061,0.005,0
3.43E+05,0.59578,274.59,0.0015985,0,0,1,0.00611,0.00611,0.005,0
3.43E+05,0.59579,274.59,0.0015949,0,0,1,0.00612,0.00612,0.005,0
3.43E+05,0.5958,274.59,0.0015913,0,0,1,0.00613,0.00613,0.005,0
3.43E+05,0.59579,274.59,0.0015877,0,0,1,0.00614,0.00614,0.005,0
3.43E+05,0.59579,274.59,0.0015841,0,0,1,0.00615,0.00615,0.005,0
3.43E+05,0.5958,274.59,0.0015805,0,0,1,0.00616,0.00616,0.005,0
3.43E+05,0.59581,274.59,0.0015769,0,0,1,0.00617,0.00617,0.005,0
3.43E+05,0.59582,274.59,0.0015734,0,0,1,0.00618,0.00618,0.005,0
3.43E+05,0.59581,274.59,0.0015699,0,0,1,0.00619,0.00619,0.005,0
3.43E+05,0.59581,274.59,0.0015663,0,0,1,0.0062,0.0062,0.005,0
3.43E+05,0.59582,274.59,0.0015628,0,0,1,0.00621,0.00621,0.005,0
3.43E+05,0.59583,274.59,0.0015593,0,0,1,0.00622,0.00622,0.005,0
3.43E+05,0.59583,274.59,0.0015558,0,0,1,0.00623,0.00623,0.005,0
3.43E+05,0.59583,274.59,0.0015523,0,0,1,0.00624,0.00624,0.005,0
3.43E+05,0.59583,274.59,0.0015488,0,0,1,0.00625,0.00625,0.005,0
3.43E+05,0.59584,274.59,0.0015454,0,0,1,0.00626,0.00626,0.005,0
3.43E+05,0.59585,274.59,0.0015419,0,0,1,0.00627,0.00627,0.005,0
3.43E+05,0.59585,274.59,0.0015385,0,0,1,0.00628,0.00628,0.005,0
3.43E+05,0.59585,274.59,0.001535,0,0,1,0.00629,0.00629,0.005,0
3.43E+05,0.59585,274.59,0.0015316,0,0,1,0.0063,0.0063,0.005,0
3.43E+05,0.59586,274.59,0.0015282,0,0,1,0.00631,0.00631,0.005,0
3.43E+05,0.59587,274.59,0.0015248,0,0,1,0.00632,0.00632,0.005,0
3.43E+05,0.59587,274.59,0.0015214,0,0,1,0.00633,0.00633,0.005,0
3.43E+05,0.59587,274.59,0.001518,0,0,1,0.00634,0.00634,0.005,0
3.43E+05,0.59587,274.59,0.0015146,0,0,1,0.00635,0.00635,0.005,0
3.43E+05,0.59588,274.59,0.0015113,0,0,1,0.00636,0.00636,0.005,0
3.43E+05,0.59588,274.59,0.0015079,0,0,1,0.00637,0.00637,0.005,0
3.43E+05,0.59589,274.59,0.0015046,0,0,1,0.00638,0.00638,0.005,0
3.43E+05,0.59589,274.59,0.0015013,0,0,1,0.00639,0.00639,0.005,0
3.43E+05,0.59588,274.59,0.0014979,0,0,1,0.0064,0.0064,0.005,0
3.43E+05,0.59589,274.59,0.0014947,0,0,1,0.00641,0.00641,0.005,0
3.43E+05,0.5959,274.59,0.0014914,0,0,1,0.00642,0.00642,0.005,0
3.43E+05,0.5959,274.59,0.0014881,0,0,1,0.00643,0.00643,0.005,0
3.43E+05,0.5959,274.59,0.0014848,0,0,1,0.00644,0.00644,0.005,0
3.43E+05,0.5959,274.59,0.0014815,0,0,1,0.00645,0.00645,0.005,0
3.43E+05,0.59591,274.59,0.0014783,0,0,1,0.00646,0.00646,0.005,0
3.43E+05,0.59592,274.59,0.0014751,0,0,1,0.00647,0.00647,0.005,0
3.43E+05,0.59592,274.59,0.0014718,0,0,1,0.00648,0.00648,0.005,0
3.43E+05,0.59592,274.59,0.0014686,0,0,1,0.00649,0.00649,0.005,0
3.43E+05,0.59592,274.59,0.0014654,0,0,1,0.0065,0.0065,0.005,0
3.43E+05,0.59593,274.59,0.0014622,0,0,1,0.00651,0.00651,0.005,0
3.43E+05,0.59593,274.59,0.001459,0,0,1,0.00652,0.00652,0.005,0
3.43E+05,0.59594,274.59,0.0014558,0,0,1,0.00653,0.00653,0.005,0
3.43E+05,0.59593,274.59,0.0014526,0,0,1,0.00654,0.00654,0.005,0
3.43E+05,0.59593,274.59,0.0014494,0,0,1,0.00655,0.00655,0.005,0
3.43E+05,0.59594,274.59,0.0014463,0,0,1,0.00656,0.00656,0.005,0
3.43E+05,0.59595,274.59,0.0014432,0,0,1,0.00657,0.00657,0.005,0
3.43E+05,0.59595,274.59,0.00144,0,0,1,0.00658,0.00658,0.005,0
3.43E+05,0.59595,274.59,0.0014369,0,0,1,0.00659,0.00659,0.005,0
3.43E+05,0.59595,274.59,0.0014338,0,0,1,0.0066,0.0066,0.005,0
3.43E+05,0.59596,274.59,0.0014307,0,0,1,0.00661,0.00661,0.005,0
3.43E+05,0.59596,274.59,0.0014276,0,0,1,0.00662,0.00662,0.005,0
3.43E+05,0.59597,274.59,0.0014245,0,0,1,0.00663,0.00663,0.005,0
3.43E+05,0.59596,274.59,0.0014214,0,0,1,0.00664,0.00664,0.005,0
3.43E+05,0.59596,274.59,0.0014184,0,0,1,0.00665,0.00665,0.005,0
3.43E+05,0.59597,274.59,0.0014153,0,0,1,0.00666,0.00666,0.005,0
3.43E+05,0.59598,274.59,0.0014123,0,0,1,0.00667,0.00667,0.005,0
3.43E+05,0.59598,274.59,0.0014092,0,0,1,0.00668,0.00668,0.005,0
3.43E+05,0.59598,274.59,0.0014062,0,0,1,0.00669,0.00669,0.005,0
3.43E+05,0.59598,274.59,0.0014032,0,0,1,0.0067,0.0067,0.005,0
3.43E+05,0.59598,274.59,0.0014002,0,0,1,0.00671,0.00671,0.005,0
3.43E+05,0.59599,274.59,0.0013972,0,0,1,0.00672,0.00672,0.005,0
3.43E+05,0.59599,274.59,0.0013942,0,0,1,0.00673,0.00673,0.005,0
3.43E+05,0.59599,274.59,0.0013913,0,0,1,0.00674,0.00674,0.005,0
3.43E+05,0.59599,274.59,0.0013883,0,0,1,0.00675,0.00675,0.005,0
3.43E+05,0.596,274.59,0.0013854,0,0,1,0.00676,0.00676,0.005,0
3.43E+05,0.596,274.59,0.0013824,0,0,1,0.00677,0.00677,0.005,0
3.43E+05,0.59601,274.59,0.0013795,0,0,1,0.00678,0.00678,0.005,0
3.43E+05,0.59601,274.59,0.0013765,0,0,1,0.00679,0.00679,0.005,0
3.43E+05,0.59601,274.59,0.0013736,0,0,1,0.0068,0.0068,0.005,0
3.43E+05,0.59601,274.59,0.0013707,0,0,1,0.00681,0.00681,0.005,0
3.43E+05,0.59602,274.59,0.0013678,0,0,1,0.00682,0.00682,0.005,0
3.43E+05,0.59602,274.59,0.0013649,0,0,1,0.00683,0.00683,0.005,0
3.43E+05,0.59602,274.59,0.001362,0,0,1,0.00684,0.00684,0.005,0
3.43E+05,0.59602,274.59,0.0013592,0,0,1,0.00685,0.00685,0.005,0
3.43E+05,0.59602,274.59,0.0013563,0,0,1,0.00686,0.00686,0.005,0
3.43E+05,0.59603,274.59,0.0013535,0,0,1,0.00687,0.00687,0.005,0
3.43E+05,0.59603,274.59,0.0013507,0,0,1,0.00688,0.00688,0.005,0
3.43E+05,0.59603,274.59,0.0013478,0,0,1,0.00689,0.00689,0.005,0
3.43E+05,0.59603,274.59,0.001345,0,0,1,0.0069,0.0069,0.005,0
3.43E+05,0.59603,274.59,0.0013422,0,0,1,0.00691,0.00691,0.005,0
3.43E+05,0.59604,274.59,0.0013394,0,0,1,0.00692,0.00692,0.005,0
3.43E+05,0.59604,274.59,0.0013366,0,0,1,0.00693,0.00693,0.005,0
3.43E+05,0.59604,274.59,0.0013339,0,0,1,0.00694,0.00694,0.005,0
3.43E+05,0.59604,274.59,0.0013311,0,0,1,0.00695,0.00695,0.005,0
3.43E+05,0.59605,274.59,0.0013284,0,0,1,0.00696,0.00696,0.005,0
3.43E+05,0.59605,274.58,0.0013256,0,0,1,0.00697,0.00697,0.005,0
3.43E+05,0.59605,274.58,0.0013229,0,0,1,0.00698,0.00698,0.005,0
3.43E+05,0.59605,274.58,0.0013202,0,0,1,0.00699,0.00699,0.005,0
3.43E+05,0.59605,274.58,0.0013174,0,0,1,0.007,0.007,0.005,0
3.43E+05,0.59606,274.58,0.0013147,0,0,1,0.00701,0.00701,0.005,0
3.43E+05,0.59606,274.58,0.001312,0,0,1,0.00702,0.00702,0.005,0
3.43E+05,0.59606,274.58,0.0013094,0,0,1,0.00703,0.00703,0.005,0
3.43E+05,0.59606,274.58,0.0013067,0,0,1,0.00704,0.00704,0.005,0
3.43E+05,0.59606,274.58,0.001304,0,0,1,0.00705,0.00705,0.005,0
3.43E+05,0.59607,274.58,0.0013014,0,0,1,0.00706,0.00706,0.005,0
3.43E+05,0.59607,274.58,0.0012987,0,0,1,0.00707,0.00707,0.005,0
3.43E+05,0.59607,274.58,0.0012961,0,0,1,0.00708,0.00708,0.005,0
3.43E+05,0.59607,274.58,0.0012935,0,0,1,0.00709,0.00709,0.005,0
3.43E+05,0.59607,274.58,0.0012909,0,0,1,0.0071,0.0071,0.005,0
3.43E+05,0.59608,274.58,0.0012883,0,0,1,0.00711,0.00711,0.005,0
3.43E+05,0.59608,274.58,0.0012857,0,0,1,0.00712,0.00712,0.005,0
3.43E+05,0.59608,274.58,0.0012831,0,0,1,0.00713,0.00713,0.005,0
3.43E+05,0.59608,274.58,0.0012806,0,0,1,0.00714,0.00714,0.005,0
3.43E+05,0.59608,274.58,0.001278,0,0,1,0.00715,0.00715,0.005,0
3.43E+05,0.59609,274.58,0.0012755,0,0,1,0.00716,0.00716,0.005,0
3.43E+05,0.59609,274.58,0.001273,0,0,1,0.00717,0.00717,0.005,0
3.43E+05,0.59609,274.58,0.0012705,0,0,1,0.00718,0.00718,0.005,0
3.43E+05,0.59609,274.58,0.001268,0,0,1,0.00719,0.00719,0.005,0
3.43E+05,0.59609,274.58,0.0012654,0,0,1,0.0072,0.0072,0.005,0
3.43E+05,0.59609,274.58,0.001263,0,0,1,0.00721,0.00721,0.005,0
3.43E+05,0.5961,274.58,0.0012605,0,0,1,0.00722,0.00722,0.005,0
3.43E+05,0.5961,274.58,0.001258,0,0,1,0.00723,0.00723,0.005,0
3.43E+05,0.5961,274.58,0.0012556,0,0,1,0.00724,0.00724,0.005,0
3.43E+05,0.5961,274.58,0.0012532,0,0,1,0.00725,0.00725,0.005,0
3.43E+05,0.5961,274.58,0.0012507,0,0,1,0.00726,0.00726,0.005,0
3.43E+05,0.59611,274.58,0.0012483,0,0,1,0.00727,0.00727,0.005,0
3.43E+05,0.59611,274.58,0.0012459,0,0,1,0.00728,0.00728,0.005,0
3.43E+05,0.59611,274.58,0.0012436,0,0,1,0.00729,0.00729,0.005,0
3.43E+05,0.59611,274.58,0.0012412,0,0,1,0.0073,0.0073,0.005,0
3.43E+05,0.59611,274.58,0.0012388,0,0,1,0.00731,0.00731,0.005,0
3.43E+05,0.59611,274.58,0.0012365,0,0,1,0.00732,0.00732,0.005,0
3.43E+05,0.59611,274.58,0.0012342,0,0,1,0.00733,0.00733,0.005,0
3.43E+05,0.59611,274.58,0.0012319,0,0,1,0.00734,0.00734,0.005,0
3.43E+05,0.59611,274.58,0.0012295,0,0,1,0.00735,0.00735,0.005,0
3.43E+05,0.59612,274.58,0.0012273,0,0,1,0.00736,0.00736,0.005,0
3.43E+05,0.59612,274.58,0.001225,0,0,1,0.00737,0.00737,0.005,0
3.43E+05,0.59612,274.58,0.0012227,0,0,1,0.00738,0.00738,0.005,0
3.43E+05,0.59612,274.58,0.0012205,0,0,1,0.00739,0.00739,0.005,0
3.43E+05,0.59612,274.58,0.0012182,0,0,1,0.0074,0.0074,0.005,0
3.43E+05,0.59612,274.58,0.001216,0,0,1,0.00741,0.00741,0.005,0
3.43E+05,0.59612,274.58,0.0012138,0,0,1,0.00742,0.00742,0.005,0
3.43E+05,0.59613,274.58,0.0012116,0,0,1,0.00743,0.00743,0.005,0
3.43E+05,0.59612,274.58,0.0012095,0,0,1,0.00744,0.00744,0.005,0
3.43E+05,0.59612,274.58,0.0012073,0,0,1,0.00745,0.00745,0.005,0
3.43E+05,0.59613,274.58,0.0012052,0,0,1,0.00746,0.00746,0.005,0
3.43E+05,0.59613,274.58,0.001203,0,0,1,0.00747,0.00747,0.005,0
3.43E+05,0.59613,274.58,0.0012009,0,0,1,0.00748,0.00748,0.005,0
3.43E+05,0.59613,274.58,0.0011988,0,0,1,0.00749,0.00749,0.005,0
3.43E+05,0.59613,274.58,0.0011967,0,0,1,0.0075,0.0075,0.005,0
3.43E+05,0.59613,274.58,0.0011947,0,0,1,0.00751,0.00751,0.005,0
3.43E+05,0.59613,274.58,0.0011926,0,0,1,0.00752,0.00752,0.005,0
3.43E+05,0.59613,274.58,0.0011906,0,0,1,0.00753,0.00753,0.005,0
3.43E+05,0.59613,274.58,0.0011886,0,0,1,0.00754,0.00754,0.005,0
3.43E+05,0.59613,274.58,0.0011866,0,0,1,0.00755,0.00755,0.005,0
3.43E+05,0.59613,274.58,0.0011846,0,0,1,0.00756,0.00756,0.005,0
3.43E+05,0.59614,274.58,0.0011826,0,0,1,0.00757,0.00757,0.005,0
3.43E+05,0.59614,274.58,0.0011807,0,0,1,0.00758,0.00758,0.005,0
3.43E+05,0.59614,274.58,0.0011788,0,0,1,0.00759,0.00759,0.005,0
3.43E+05,0.59613,274.58,0.0011769,0,0,1,0.0076,0.0076,0.005,0
3.43E+05,0.59614,274.58,0.001175,0,0,1,0.00761,0.00761,0.005,0
3.43E+05,0.59614,274.58,0.0011731,0,0,1,0.00762,0.00762,0.005,0
3.43E+05,0.59614,274.58,0.0011713,0,0,1,0.00763,0.00763,0.005,0
3.43E+05,0.59614,274.58,0.0011695,0,0,1,0.00764,0.00764,0.005,0
3.43E+05,0.59614,274.58,0.0011677,0,0,1,0.00765,0.00765,0.005,0
3.43E+05,0.59614,274.58,0.0011659,0,0,1,0.00766,0.00766,0.005,0
3.43E+05,0.59614,274.58,0.0011641,0,0,1,0.00767,0.00767,0.005,0
3.43E+05,0.59614,274.58,0.0011624,0,0,1,0.00768,0.00768,0.005,0
3.43E+05,0.59614,274.58,0.0011607,0,0,1,0.00769,0.00769,0.005,0
3.43E+05,0.59614,274.58,0.001159,0,0,1,0.0077,0.0077,0.005,0
3.43E+05,0.59614,274.58,0.0011573,0,0,1,0.00771,0.00771,0.005,0
3.43E+05,0.59614,274.58,0.0011557,0,0,1,0.00772,0.00772,0.005,0
3.43E+05,0.59614,274.58,0.001154,0,0,1,0.00773,0.00773,0.005,0
3.43E+05,0.59614,274.58,0.0011525,0,0,1,0.00774,0.00774,0.005,0
3.43E+05,0.59613,274.58,0.0011509,0,0,1,0.00775,0.00775,0.005,0
3.43E+05,0.59614,274.58,0.0011493,0,0,1,0.00776,0.00776,0.005,0
3.43E+05,0.59614,274.58,0.0011478,0,0,1,0.00777,0.00777,0.005,0
3.43E+05,0.59614,274.58,0.0011463,0,0,1,0.00778,0.00778,0.005,0
3.43E+05,0.59613,274.58,0.0011449,0,0,1,0.00779,0.00779,0.005,0
3.43E+05,0.59613,274.58,0.0011434,0,0,1,0.0078,0.0078,0.005,0
3.43E+05,0.59613,274.58,0.001142,0,0,1,0.00781,0.00781,0.005,0
3.43E+05,0.59613,274.58,0.0011406,0,0,1,0.00782,0.00782,0.005,0
3.43E+05,0.59613,274.58,0.0011393,0,0,1,0.00783,0.00783,0.005,0
3.43E+05,0.59613,274.58,0.0011379,0,0,1,0.00784,0.00784,0.005,0
3.43E+05,0.59613,274.58,0.0011366,0,0,1,0.00785,0.00785,0.005,0
3.43E+05,0.59613,274.58,0.0011354,0,0,1,0.00786,0.00786,0.005,0
3.43E+05,0.59613,274.58,0.0011341,0,0,1,0.00787,0.00787,0.005,0
3.43E+05,0.59613,274.58,0.0011329,0,0,1,0.00788,0.00788,0.005,0
3.43E+05,0.59612,274.58,0.0011318,0,0,1,0.00789,0.00789,0.005,0
3.43E+05,0.59612,274.58,0.0011306,0,0,1,0.0079,0.0079,0.005,0
3.43E+05,0.59612,274.58,0.0011296,0,0,1,0.00791,0.00791,0.005,0
3.43E+05,0.59612,274.58,0.0011285,0,0,1,0.00792,0.00792,0.005,0
3.43E+05,0.59612,274.58,0.0011275,0,0,1,0.00793,0.00793,0.005,0
3.43E+05,0.59612,274.58,0.0011265,0,0,1,0.00794,0.00794,0.005,0
3.43E+05,0.59611,274.58,0.0011255,0,0,1,0.00795,0.00795,0.005,0
3.43E+05,0.59611,274.58,0.0011246,0,0,1,0.00796,0.00796,0.005,0
3.43E+05,0.59611,274.58,0.0011237,0,0,1,0.00797,0.00797,0.005,0
3.43E+05,0.59611,274.58,0.0011229,0,0,1,0.00798,0.00798,0.005,0
3.43E+05,0.59611,274.58,0.0011221,0,0,1,0.00799,0.00799,0.005,0
3.43E+05,0.5961,274.58,0.0011213,0,0,1,0.008,0.008,0.005,0
3.43E+05,0.5961,274.58,0.0011207,0,0,1,0.00801,0.00801,0.005,0
3.43E+05,0.5961,274.58,0.00112,0,0,1,0.00802,0.00802,0.005,0
3.43E+05,0.5961,274.58,0.0011194,0,0,1,0.00803,0.00803,0.005,0
3.43E+05,0.59609,274.58,0.0011188,0,0,1,0.00804,0.00804,0.005,0
3.43E+05,0.59609,274.58,0.0011183,0,0,1,0.00805,0.00805,0.005,0
3.43E+05,0.59609,274.58,0.0011178,0,0,1,0.00806,0.00806,0.005,0
3.43E+05,0.59608,274.58,0.0011174,0,0,1,0.00807,0.00807,0.005,0
3.43E+05,0.59608,274.58,0.001117,0,0,1,0.00808,0.00808,0.005,0
3.43E+05,0.59608,274.58,0.0011167,0,0,1,0.00809,0.00809,0.005,0
3.43E+05,0.59607,274.58,0.0011164,0,0,1,0.0081,0.0081,0.005,0
3.43E+05,0.59607,274.58,0.0011163,0,0,1,0.00811,0.00811,0.005,0
3.43E+05,0.59607,274.58,0.0011161,0,0,1,0.00812,0.00812,0.005,0
3.43E+05,0.59606,274.58,0.001116,0,0,1,0.00813,0.00813,0.005,0
3.43E+05,0.59606,274.58,0.001116,0,0,1,0.00814,0.00814,0.005,0
3.43E+05,0.59605,274.58,0.001116,0,0,1,0.00815,0.00815,0.005,0
3.43E+05,0.59605,274.58,0.0011161,0,0,1,0.00816,0.00816,0.005,0
3.43E+05,0.59604,274.58,0.0011163,0,0,1,0.00817,0.00817,0.005,0
3.43E+05,0.59604,274.58,0.0011165,0,0,1,0.00818,0.00818,0.005,0
3.43E+05,0.59603,274.58,0.0011168,0,0,1,0.00819,0.00819,0.005,0
3.43E+05,0.59602,274.58,0.0011172,0,0,1,0.0082,0.0082,0.005,0
3.43E+05,0.59602,274.58,0.0011177,0,0,1,0.00821,0.00821,0.005,0
3.43E+05,0.59601,274.58,0.0011182,0,0,1,0.00822,0.00822,0.005,0
3.43E+05,0.59601,274.58,0.0011188,0,0,1,0.00823,0.00823,0.005,0
3.43E+05,0.596,274.58,0.0011195,0,0,1,0.00824,0.00824,0.005,0
3.43E+05,0.59599,274.58,0.0011202,0,0,1,0.00825,0.00825,0.005,0
3.43E+05,0.59599,274.58,0.0011211,0,0,1,0.00826,0.00826,0.005,0
3.43E+05,0.59598,274.58,0.001122,0,0,1,0.00827,0.00827,0.005,0
3.43E+05,0.59597,274.58,0.001123,0,0,1,0.00828,0.00828,0.005,0
3.43E+05,0.59596,274.58,0.0011241,0,0,1,0.00829,0.00829,0.005,0
3.43E+05,0.59596,274.58,0.0011253,0,0,1,0.0083,0.0083,0.005,0
3.43E+05,0.59595,274.58,0.0011266,0,0,1,0.00831,0.00831,0.005,0
3.43E+05,0.59594,274.58,0.001128,0,0,1,0.00832,0.00832,0.005,0
3.43E+05,0.59593,274.58,0.0011295,0,0,1,0.00833,0.00833,0.005,0
3.43E+05,0.59592,274.58,0.0011312,0,0,1,0.00834,0.00834,0.005,0
3.43E+05,0.59591,274.58,0.0011328,0,0,1,0.00835,0.00835,0.005,0
3.43E+05,0.5959,274.58,0.0011348,0,0,1,0.00836,0.00836,0.005,0
3.43E+05,0.59589,274.58,0.0011367,0,0,1,0.00837,0.00837,0.005,0
3.43E+05,0.59588,274.58,0.0011388,0,0,1,0.00838,0.00838,0.005,0
3.43E+05,0.59587,274.58,0.001141,0,0,1,0.00839,0.00839,0.005,0
3.43E+05,0.59585,274.58,0.0011432,0,0,1,0.0084,0.0084,0.005,0
3.43E+05,0.59584,274.58,0.0011458,0,0,1,0.00841,0.00841,0.005,0
3.43E+05,0.59583,274.58,0.0011484,0,0,1,0.00842,0.00842,0.005,0
3.43E+05,0.59582,274.58,0.0011511,0,0,1,0.00843,0.00843,0.005,0
3.43E+05,0.5958,274.58,0.0011541,0,0,1,0.00844,0.00844,0.005,0
3.43E+05,0.59579,274.58,0.001157,0,0,1,0.00845,0.00845,0.005,0
3.43E+05,0.59577,274.58,0.0011603,0,0,1,0.00846,0.00846,0.005,0
3.43E+05,0.59576,274.58,0.0011636,0,0,1,0.00847,0.00847,0.005,0
3.43E+05,0.59574,274.58,0.0011672,0,0,1,0.00848,0.00848,0.005,0
3.43E+05,0.59572,274.58,0.0011709,0,0,1,0.00849,0.00849,0.005,0
3.43E+05,0.5957,274.58,0.0011747,0,0,1,0.0085,0.0085,0.005,0
3.43E+05,0.59569,274.58,0.0011789,0,0,1,0.00851,0.00851,0.005,0
3.43E+05,0.59567,274.58,0.0011831,0,0,1,0.00852,0.00852,0.005,0
3.43E+05,0.59565,274.58,0.0011876,0,0,1,0.00853,0.00853,0.005,0
3.43E+05,0.59563,274.58,0.0011923,0,0,1,0.00854,0.00854,0.005,0
3.43E+05,0.59561,274.58,0.001197,0,0,1,0.00855,0.00855,0.005,0
3.43E+05,0.59559,274.58,0.0012023,0,0,1,0.00856,0.00856,0.005,0
3.43E+05,0.59557,274.58,0.0012075,0,0,1,0.00857,0.00857,0.005,0
3.43E+05,0.59554,274.58,0.0012131,0,0,1,0.00858,0.00858,0.005,0
3.43E+05,0.59551,274.58,0.001219,0,0,1,0.00859,0.00859,0.005,0
3.43E+05,0.59549,274.58,0.0012248,0,0,1,0.0086,0.0086,0.005,0
3.43E+05,0.59546,274.58,0.0012313,0,0,1,0.00861,0.00861,0.005,0
3.43E+05,0.59544,274.58,0.0012379,0,0,1,0.00862,0.00862,0.005,0
3.43E+05,0.59541,274.58,0.0012447,0,0,1,0.00863,0.00863,0.005,0
3.43E+05,0.59537,274.58,0.0012519,0,0,1,0.00864,0.00864,0.005,0
3.43E+05,0.59534,274.58,0.0012592,0,0,1,0.00865,0.00865,0.005,0
3.43E+05,0.59531,274.58,0.0012672,0,0,1,0.00866,0.00866,0.005,0
3.43E+05,0.59528,274.58,0.0012752,0,0,1,0.00867,0.00867,0.005,0
3.43E+05,0.59525,274.58,0.0012836,0,0,1,0.00868,0.00868,0.005,0
3.43E+05,0.59521,274.58,0.0012924,0,0,1,0.00869,0.00869,0.005,0
3.43E+05,0.59517,274.58,0.0013012,0,0,1,0.0087,0.0087,0.005,0
3.43E+05,0.59513,274.58,0.001311,0,0,1,0.00871,0.00871,0.005,0
3.43E+05,0.5951,274.58,0.0013207,0,0,1,0.00872,0.00872,0.005,0
3.43E+05,0.59506,274.58,0.0013309,0,0,1,0.00873,0.00873,0.005,0
3.43E+05,0.59501,274.58,0.0013416,0,0,1,0.00874,0.00874,0.005,0
3.43E+05,0.59496,274.58,0.0013524,0,0,1,0.00875,0.00875,0.005,0
3.43E+05,0.59492,274.58,0.0013641,0,0,1,0.00876,0.00876,0.005,0
3.43E+05,0.59488,274.58,0.0013759,0,0,1,0.00877,0.00877,0.005,0
3.43E+05,0.59483,274.58,0.0013883,0,0,1,0.00878,0.00878,0.005,0
3.43E+05,0.59477,274.58,0.0014012,0,0,1,0.00879,0.00879,0.005,0
3.43E+05,0.59471,274.58,0.0014141,0,0,1,0.0088,0.0088,0.005,0
3.43E+05,0.59467,274.58,0.0014282,0,0,1,0.00881,0.00881,0.005,0
3.43E+05,0.59462,274.58,0.0014423,0,0,1,0.00882,0.00882,0.005,0
3.43E+05,0.59457,274.58,0.0014571,0,0,1,0.00883,0.00883,0.005,0
3.43E+05,0.59449,274.58,0.0014726,0,0,1,0.00884,0.00884,0.005,0
3.43E+05,0.59442,274.58,0.0014881,0,0,1,0.00885,0.00885,0.005,0
3.43E+05,0.59437,274.58,0.0015049,0,0,1,0.00886,0.00886,0.005,0
3.43E+05,0.59433,274.58,0.0015218,0,0,1,0.00887,0.00887,0.005,0
3.43E+05,0.59426,274.58,0.0015393,0,0,1,0.00888,0.00888,0.005,0
3.43E+05,0.59418,274.58,0.0015576,0,0,1,0.00889,0.00889,0.005,0
3.43E+05,0.59409,274.58,0.0015759,0,0,1,0.0089,0.0089,0.005,0
3.43E+05,0.59404,274.58,0.0015957,0,0,1,0.00891,0.00891,0.005,0
3.43E+05,0.594,274.58,0.0016155,0,0,1,0.00892,0.00892,0.005,0
3.43E+05,0.59392,274.58,0.0016361,0,0,1,0.00893,0.00893,0.005,0
3.43E+05,0.59382,274.58,0.0016575,0,0,1,0.00894,0.00894,0.005,0
3.43E+05,0.59372,274.58,0.0016789,0,0,1,0.00895,0.00895,0.005,0
3.43E+05,0.59368,274.58,0.0017019,0,0,1,0.00896,0.00896,0.005,0
3.43E+05,0.59364,274.58,0.0017249,0,0,1,0.00897,0.00897,0.005,0
3.43E+05,0.59356,274.58,0.0017487,0,0,1,0.00898,0.00898,0.005,0
3.43E+05,0.59344,274.58,0.0017734,0,0,1,0.00899,0.00899,0.005,0
3.43E+05,0.59333,274.58,0.001798,0,0,1,0.009,0.009,0.005,0
3.43E+05,0.59329,274.58,0.0018242,0,0,1,0.00901,0.00901,0.005,0
3.43E+05,0.59326,274.57,0.0018505,0,0,1,0.00902,0.00902,0.005,0
3.43E+05,0.59318,274.57,0.0018775,0,0,1,0.00903,0.00903,0.005,0
3.43E+05,0.59304,274.57,0.0019055,0,0,1,0.00904,0.00904,0.005,0
3.43E+05,0.5929,274.57,0.0019335,0,0,1,0.00905,0.00905,0.005,0
3.43E+05,0.59289,274.57,0.0019629,0,0,1,0.00906,0.00906,0.005,0
3.43E+05,0.59288,274.57,0.0019924,0,0,1,0.00907,0.00907,0.005,0
3.43E+05,0.5928,274.57,0.0020226,0,0,1,0.00908,0.00908,0.005,0
3.43E+05,0.59266,274.57,0.0020534,0,0,1,0.00909,0.00909,0.005,0
3.43E+05,0.59252,274.57,0.0020843,0,0,1,0.0091,0.0091,0.005,0
3.43E+05,0.59254,274.57,0.0021162,0,0,1,0.00911,0.00911,0.005,0
3.43E+05,0.59256,274.57,0.0021482,0,0,1,0.00912,0.00912,0.005,0
3.43E+05,0.59248,274.57,0.0021808,0,0,1,0.00913,0.00913,0.005,0
3.43E+05,0.5923,274.57,0.0022142,0,0,1,0.00914,0.00914,0.005,0
3.43E+05,0.59213,274.57,0.0022475,0,0,1,0.00915,0.00915,0.005,0
3.43E+05,0.59219,274.57,0.0022818,0,0,1,0.00916,0.00916,0.005,0
3.43E+05,0.59225,274.57,0.002316,0,0,1,0.00917,0.00917,0.005,0
3.43E+05,0.59218,274.57,0.0023507,0,0,1,0.00918,0.00918,0.005,0
3.43E+05,0.592,274.57,0.0023859,0,0,1,0.00919,0.00919,0.005,0
3.43E+05,0.59182,274.57,0.002421,0,0,1,0.0092,0.0092,0.005,0
3.43E+05,0.59194,274.57,0.0024562,0,0,1,0.00921,0.00921,0.005,0
3.43E+05,0.59207,274.57,0.0024913,0,0,1,0.00922,0.00922,0.005,0
3.43E+05,0.59201,274.57,0.0025268,0,0,1,0.00923,0.00923,0.005,0
3.43E+05,0.59178,274.57,0.0025626,0,0,1,0.00924,0.00924,0.005,0
3.43E+05,0.59154,274.57,0.0025985,0,0,1,0.00925,0.00925,0.005,0
3.43E+05,0.59172,274.57,0.0026342,0,0,1,0.00926,0.00926,0.005,0
3.43E+05,0.5919,274.57,0.0026699,0,0,1,0.00927,0.00927,0.005,0
3.43E+05,0.59187,274.57,0.0027057,0,0,1,0.00928,0.00928,0.005,0
3.43E+05,0.59161,274.57,0.0027415,0,0,1,0.00929,0.00929,0.005,0
3.43E+05,0.59135,274.57,0.0027773,0,0,1,0.0093,0.0093,0.005,0
3.43E+05,0.59162,274.56,0.0028121,0,0,1,0.00931,0.00931,0.005,0
3.43E+05,0.59189,274.56,0.002847,0,0,1,0.00932,0.00932,0.005,0
3.43E+05,0.59184,274.56,0.0028821,0,0,1,0.00933,0.00933,0.005,0
3.43E+05,0.59146,274.56,0.0029175,0,0,1,0.00934,0.00934,0.005,0
3.43E+05,0.59109,274.56,0.002953,0,0,1,0.00935,0.00935,0.005,0
3.43E+05,0.59141,274.56,0.0029882,0,0,1,0.00936,0.00936,0.005,0
3.43E+05,0.59174,274.56,0.0030235,0,0,1,0.00937,0.00937,0.005,0
3.43E+05,0.5917,274.56,0.0030589,0,0,1,0.00938,0.00938,0.005,0
3.43E+05,0.59128,274.56,0.0030944,0,0,1,0.00939,0.00939,0.005,0
3.43E+05,0.59087,274.56,0.00313,0,0,1,0.0094,0.0094,0.005,0
3.43E+05,0.5913,274.56,0.0031648,0,0,1,0.00941,0.00941,0.005,0
3.43E+05,0.59173,274.56,0.0031996,0,0,1,0.00942,0.00942,0.005,0
3.43E+05,0.59166,274.56,0.003235,0,0,1,0.00943,0.00943,0.005,0
3.43E+05,0.59108,274.56,0.0032712,0,0,1,0.00944,0.00944,0.005,0
3.43E+05,0.5905,274.55,0.0033073,0,0,1,0.00945,0.00945,0.005,0
3.43E+05,0.591,274.55,0.0033442,0,0,1,0.00946,0.00946,0.005,0
3.43E+05,0.5915,274.55,0.0033811,0,0,1,0.00947,0.00947,0.005,0
3.43E+05,0.5914,274.55,0.0034192,0,0,1,0.00948,0.00948,0.005,0
3.43E+05,0.59069,274.55,0.0034584,0,0,1,0.00949,0.00949,0.005,0
3.43E+05,0.58998,274.55,0.0034975,0,0,1,0.0095,0.0095,0.005,0
3.43E+05,0.59056,274.55,0.0035385,0,0,1,0.00951,0.00951,0.005,0
3.43E+05,0.59114,274.55,0.0035795,0,0,1,0.00952,0.00952,0.005,0
3.43E+05,0.59099,274.55,0.0036225,0,0,1,0.00953,0.00953,0.005,0
3.43E+05,0.59009,274.55,0.0036673,0,0,1,0.00954,0.00954,0.005,0
3.43E+05,0.58919,274.55,0.0037122,0,0,1,0.00955,0.00955,0.005,0
3.43E+05,0.5898,274.54,0.0037612,0,0,1,0.00956,0.00956,0.005,0
3.43E+05,0.59042,274.54,0.0038103,0,0,1,0.00957,0.00957,0.005,0
3.43E+05,0.5902,274.54,0.0038622,0,0,1,0.00958,0.00958,0.005,0
3.43E+05,0.58913,274.54,0.003917,0,0,1,0.00959,0.00959,0.005,0
3.43E+05,0.58807,274.54,0.0039718,0,0,1,0.0096,0.0096,0.005,0
3.43E+05,0.58893,274.54,0.0040305,0,0,1,0.00961,0.00961,0.005,0
3.43E+05,0.58979,274.54,0.0040892,0,0,1,0.00962,0.00962,0.005,0
3.43E+05,0.58944,274.54,0.0041526,0,0,1,0.00963,0.00963,0.005,0
3.43E+05,0.58789,274.53,0.0042207,0,0,1,0.00964,0.00964,0.005,0
3.43E+05,0.58634,274.53,0.0042888,0,0,1,0.00965,0.00965,0.005,0
3.43E+05,0.58745,274.53,0.0043647,0,0,1,0.00966,0.00966,0.005,0
3.43E+05,0.58855,274.53,0.0044406,0,0,1,0.00967,0.00967,0.005,0
3.43E+05,0.58807,274.53,0.0045231,0,0,1,0.00968,0.00968,0.005,0
3.43E+05,0.58599,274.53,0.0046123,0,0,1,0.00969,0.00969,0.005,0
3.43E+05,0.58391,274.53,0.0047014,0,0,1,0.0097,0.0097,0.005,0
3.43E+05,0.58561,274.52,0.0047995,0,0,1,0.00971,0.00971,0.005,0
3.43E+05,0.5873,274.52,0.0048976,0,0,1,0.00972,0.00972,0.005,0
3.43E+05,0.58648,274.52,0.0050072,0,0,1,0.00973,0.00973,0.005,0
3.43E+05,0.58315,274.52,0.0051281,0,0,1,0.00974,0.00974,0.005,0
3.43E+05,0.57981,274.52,0.0052491,0,0,1,0.00975,0.00975,0.005,0
3.43E+05,0.58231,274.51,0.0053882,0,0,1,0.00976,0.00976,0.005,0
3.43E+05,0.58481,274.51,0.0055273,0,0,1,0.00977,0.00977,0.005,0
3.43E+05,0.58341,274.51,0.0056872,0,0,1,0.00978,0.00978,0.005,0
3.43E+05,0.57808,274.5,0.0058676,0,0,1,0.00979,0.00979,0.005,0
3.43E+05,0.57276,274.5,0.0060482,0,0,1,0.0098,0.0098,0.005,0
3.43E+05,0.57892,274.5,0.0062364,0,0,1,0.00981,0.00981,0.005,0
3.43E+05,0.58507,274.49,0.0064246,0,0,1,0.00982,0.00982,0.005,0
3.43E+05,0.58241,274.49,0.0066563,0,0,1,0.00983,0.00983,0.005,0
3.43E+05,0.57094,274.48,0.0069313,0,0,1,0.00984,0.00984,0.005,0
3.43E+05,0.55947,274.48,0.0072064,0,0,1,0.00985,0.00985,0.005,0
3.43E+05,0.57547,274.47,0.0074685,0,0,1,0.00986,0.00986,0.005,0
3.43E+05,0.59147,274.46,0.0077306,0,0,1,0.00987,0.00987,0.005,0
3.43E+05,0.58387,274.45,0.0081495,0,0,1,0.00988,0.00988,0.005,0
3.43E+05,0.55265,274.45,0.0087252,0,0,1,0.00989,0.00989,0.005,0
3.43E+05,0.52144,274.45,0.009301,0,0,1,0.0099,0.0099,0.005,0
3.43E+05,0.56477,274.42,0.0097522,0,0,1,0.00991,0.00991,0.005,0
3.43E+05,0.60811,274.4,0.010203,0,0,1,0.00992,0.00992,0.005,0
3.43E+05,0.63644,274.38,0.010684,0,0,1,0.00993,0.00993,0.005,0
3.43E+05,0.64978,274.37,0.011193,0,0,1,0.00994,0.00994,0.005,0
3.43E+05,0.66312,274.35,0.011703,0,0,1,0.00995,0.00995,0.005,0
3.43E+05,-0.016596,274.35,0.019574,0,0,1,0.00996,0.00996,0.005,0
3.43E+05,-0.69637,274.35,0.027446,0,0,1,0.00997,0.00997,0.005,0
3.43E+05,0.51468,274.11,0.025106,0,0,1,0.00998,0.00998,0.005,0
3.43E+05,3.6171,273.63,0.012552,0,0,1,0.00999,0.00999,0.005,0
3.43E+05,6.7193,273.15,0,0,0,1,0.01,0.01,0.005,0