"Press","T","Vel:0","Vel:1","Vel:2","vtkValidPointMask","arc_length","Points:0","Points:1","Points:2"
0,275.15,0,0,0,1,0,0,0.005,0
0.26355,275.13,0.0016729,0,0,1,1e-05,1e-05,0.005,0
0.3828,275.11,0.003112,0,0,1,2e-05,2e-05,0.005,0
0.45298,275.09,0.0042896,0,0,1,3e-05,3e-05,0.005,0
0.50756,275.08,0.0052515,0,0,1,4e-05,4e-05,0.005,0
0.51824,275.06,0.0061167,0,0,1,5e-05,5e-05,0.005,0
0.55818,275.05,0.0068156,0,0,1,6e-05,6e-05,0.005,0
0.5649,275.03,0.0074375,0,0,1,7e-05,7e-05,0.005,0
0.57829,275.02,0.0079859,0,0,1,8e-05,8e-05,0.005,0
0.59889,275,0.0084676,0,0,1,9e-05,9e-05,0.005,0
0.58797,274.99,0.0088932,0,0,1,0.0001,0.0001,0.005,0
0.61469,274.98,0.0092578,0,0,1,0.00011,0.00011,0.005,0
0.61107,274.97,0.0095808,0,0,1,0.00012,0.00012,0.005,0
0.6161,274.96,0.0098696,0,0,1,0.00013,0.00013,0.005,0
0.63028,274.95,0.010127,0,0,1,0.00014,0.00014,0.005,0
0.61552,274.94,0.010354,0,0,1,0.00015,0.00015,0.005,0
0.63711,274.93,0.010552,0,0,1,0.00016,0.00016,0.005,0
0.63139,274.92,0.010725,0,0,1,0.00017,0.00017,0.005,0
0.63385,274.91,0.01088,0,0,1,0.00018,0.00018,0.005,0
0.64506,274.9,0.011018,0,0,1,0.00019,0.00019,0.005,0
0.63063,274.9,0.011137,0,0,1,0.0002,0.0002,0.005,0
0.64881,274.89,0.011241,0,0,1,0.00021,0.00021,0.005,0
0.64303,274.88,0.011329,0,0,1,0.00022,0.00022,0.005,0
0.64454,274.87,0.011407,0,0,1,0.00023,0.00023,0.005,0
0.65389,274.86,0.011474,0,0,1,0.00024,0.00024,0.005,0
0.64092,274.86,0.011528,0,0,1,0.00025,0.00025,0.005,0
0.65642,274.85,0.011575,0,0,1,0.00026,0.00026,0.005,0
0.65133,274.85,0.011609,0,0,1,0.00027,0.00027,0.005,0
0.65176,274.84,0.01164,0,0,1,0.00028,0.00028,0.005,0
0.66089,274.83,0.011653,0,0,1,0.00029,0.00029,0.005,0
0.6589,274.83,0.011606,0,0,1,0.0003,0.0003,0.005,0
0.65897,274.82,0.011594,0,0,1,0.00031,0.00031,0.005,0
0.65903,274.82,0.011583,0,0,1,0.00032,0.00032,0.005,0
0.65673,274.81,0.011615,0,0,1,0.00033,0.00033,0.005,0
0.65207,274.81,0.011691,0,0,1,0.00034,0.00034,0.005,0
0.6474,274.81,0.011768,0,0,1,0.00035,0.00035,0.005,0
0.65789,274.8,0.011779,0,0,1,0.00036,0.00036,0.005,0
0.66839,274.79,0.011791,0,0,1,0.00037,0.00037,0.005,0
0.66981,274.79,0.011788,0,0,1,0.00038,0.00038,0.005,0
0.66217,274.78,0.011771,0,0,1,0.00039,0.00039,0.005,0
0.65453,274.78,0.011754,0,0,1,0.0004,0.0004,0.005,0
0.66348,274.78,0.011736,0,0,1,0.00041,0.00041,0.005,0
0.67242,274.77,0.011718,0,0,1,0.00042,0.00042,0.005,0
0.67353,274.77,0.011692,0,0,1,0.00043,0.00043,0.005,0
0.66681,274.76,0.011657,0,0,1,0.00044,0.00044,0.005,0
0.6601,274.76,0.011622,0,0,1,0.00045,0.00045,0.005,0
0.66793,274.76,0.01159,0,0,1,0.00046,0.00046,0.005,0
0.67576,274.75,0.011557,0,0,1,0.00047,0.00047,0.005,0
0.67675,274.75,0.011519,0,0,1,0.00048,0.00048,0.005,0
0.67089,274.74,0.011474,0,0,1,0.00049,0.00049,0.005,0
0.66503,274.74,0.011429,0,0,1,0.0005,0.0005,0.005,0
0.67193,274.74,0.011387,0,0,1,0.00051,0.00051,0.005,0
0.67884,274.73,0.011346,0,0,1,0.00052,0.00052,0.005,0
0.67974,274.73,0.0113,0,0,1,0.00053,0.00053,0.005,0
0.67462,274.73,0.011249,0,0,1,0.00054,0.00054,0.005,0
0.66951,274.73,0.011198,0,0,1,0.00055,0.00055,0.005,0
0.67563,274.72,0.011151,0,0,1,0.00056,0.00056,0.005,0
0.68174,274.72,0.011104,0,0,1,0.00057,0.00057,0.005,0
0.68256,274.72,0.011053,0,0,1,0.00058,0.00058,0.005,0
0.67809,274.71,0.010998,0,0,1,0.00059,0.00059,0.005,0
0.67362,274.71,0.010944,0,0,1,0.0006,0.0006,0.005,0
0.67905,274.71,0.010893,0,0,1,0.00061,0.00061,0.005,0
0.68449,274.7,0.010843,0,0,1,0.00062,0.00062,0.005,0
0.68524,274.7,0.010789,0,0,1,0.00063,0.00063,0.005,0
0.68132,274.7,0.010733,0,0,1,0.00064,0.00064,0.005,0
0.6774,274.7,0.010676,0,0,1,0.00065,0.00065,0.005,0
0.68224,274.7,0.010623,0,0,1,0.00066,0.00066,0.005,0
0.68708,274.69,0.010571,0,0,1,0.00067,0.00067,0.005,0
0.68778,274.69,0.010516,0,0,1,0.00068,0.00068,0.005,0
0.68434,274.69,0.010458,0,0,1,0.00069,0.00069,0.005,0
0.6809,274.69,0.010401,0,0,1,0.0007,0.0007,0.005,0
0.68522,274.68,0.010347,0,0,1,0.00071,0.00071,0.005,0
0.68954,274.68,0.010294,0,0,1,0.00072,0.00072,0.005,0
0.69018,274.68,0.010238,0,0,1,0.00073,0.00073,0.005,0
0.68716,274.68,0.010181,0,0,1,0.00074,0.00074,0.005,0
0.68413,274.68,0.010123,0,0,1,0.00075,0.00075,0.005,0
0.68799,274.67,0.010069,0,0,1,0.00076,0.00076,0.005,0
0.69186,274.67,0.010015,0,0,1,0.00077,0.00077,0.005,0
0.69245,274.67,0.0099596,0,0,1,0.00078,0.00078,0.005,0
0.68978,274.67,0.0099024,0,0,1,0.00079,0.00079,0.005,0
0.68711,274.67,0.0098453,0,0,1,0.0008,0.0008,0.005,0
0.69058,274.66,0.0097916,0,0,1,0.00081,0.00081,0.005,0
0.69404,274.66,0.0097378,0,0,1,0.00082,0.00082,0.005,0
0.69459,274.66,0.0096828,0,0,1,0.00083,0.00083,0.005,0
0.69224,274.66,0.0096265,0,0,1,0.00084,0.00084,0.005,0
0.68988,274.66,0.0095702,0,0,1,0.00085,0.00085,0.005,0
0.69299,274.66,0.009517,0,0,1,0.00086,0.00086,0.005,0
0.6961,274.65,0.0094638,0,0,1,0.00087,0.00087,0.005,0
0.69661,274.65,0.0094096,0,0,1,0.00088,0.00088,0.005,0
0.69452,274.65,0.0093544,0,0,1,0.00089,0.00089,0.005,0
0.69243,274.65,0.0092992,0,0,1,0.0009,0.0009,0.005,0
0.69523,274.65,0.0092469,0,0,1,0.00091,0.00091,0.005,0
0.69803,274.65,0.0091946,0,0,1,0.00092,0.00092,0.005,0
0.6985,274.65,0.0091414,0,0,1,0.00093,0.00093,0.005,0
0.69665,274.64,0.0090875,0,0,1,0.00094,0.00094,0.005,0
0.6948,274.64,0.0090335,0,0,1,0.00095,0.00095,0.005,0
0.69732,274.64,0.0089823,0,0,1,0.00096,0.00096,0.005,0
0.69984,274.64,0.0089311,0,0,1,0.00097,0.00097,0.005,0
0.70028,274.64,0.0088792,0,0,1,0.00098,0.00098,0.005,0
0.69863,274.64,0.0088266,0,0,1,0.00099,0.00099,0.005,0
0.69699,274.64,0.0087741,0,0,1,0.001,0.001,0.005,0
0.69926,274.64,0.008724,0,0,1,0.00101,0.00101,0.005,0
0.70154,274.63,0.008674,0,0,1,0.00102,0.00102,0.005,0
0.70195,274.63,0.0086235,0,0,1,0.00103,0.00103,0.005,0
0.70048,274.63,0.0085724,0,0,1,0.00104,0.00104,0.005,0
0.69901,274.63,0.0085213,0,0,1,0.00105,0.00105,0.005,0
0.70107,274.63,0.0084726,0,0,1,0.00106,0.00106,0.005,0
0.70314,274.63,0.0084239,0,0,1,0.00107,0.00107,0.005,0
0.70351,274.63,0.0083747,0,0,1,0.00108,0.00108,0.005,0
0.7022,274.63,0.0083252,0,0,1,0.00109,0.00109,0.005,0
0.70089,274.63,0.0082757,0,0,1,0.0011,0.0011,0.005,0
0.70276,274.62,0.0082283,0,0,1,0.00111,0.00111,0.005,0
0.70462,274.62,0.0081809,0,0,1,0.00112,0.00112,0.005,0
0.70497,274.62,0.0081333,0,0,1,0.00113,0.00113,0.005,0
0.7038,274.62,0.0080853,0,0,1,0.00114,0.00114,0.005,0
0.70263,274.62,0.0080373,0,0,1,0.00115,0.00115,0.005,0
0.70432,274.62,0.0079914,0,0,1,0.00116,0.00116,0.005,0
0.70602,274.62,0.0079454,0,0,1,0.00117,0.00117,0.005,0
0.70634,274.62,0.0078992,0,0,1,0.00118,0.00118,0.005,0
0.70529,274.62,0.0078528,0,0,1,0.00119,0.00119,0.005,0
0.70424,274.61,0.0078064,0,0,1,0.0012,0.0012,0.005,0
0.70578,274.61,0.0077618,0,0,1,0.00121,0.00121,0.005,0
0.70732,274.61,0.0077173,0,0,1,0.00122,0.00122,0.005,0
0.70762,274.61,0.0076726,0,0,1,0.00123,0.00123,0.005,0
0.70668,274.61,0.0076277,0,0,1,0.00124,0.00124,0.005,0
0.70574,274.61,0.0075829,0,0,1,0.00125,0.00125,0.005,0
0.70714,274.61,0.0075398,0,0,1,0.00126,0.00126,0.005,0
0.70854,274.61,0.0074966,0,0,1,0.00127,0.00127,0.005,0
0.70882,274.61,0.0074534,0,0,1,0.00128,0.00128,0.005,0
0.70797,274.61,0.0074101,0,0,1,0.00129,0.00129,0.005,0
0.70712,274.61,0.0073668,0,0,1,0.0013,0.0013,0.005,0
0.7084,274.61,0.007325,0,0,1,0.00131,0.00131,0.005,0
0.70968,274.6,0.0072833,0,0,1,0.00132,0.00132,0.005,0
0.70993,274.6,0.0072415,0,0,1,0.00133,0.00133,0.005,0
0.70917,274.6,0.0071997,0,0,1,0.00134,0.00134,0.005,0
0.70841,274.6,0.0071579,0,0,1,0.00135,0.00135,0.005,0
0.70957,274.6,0.0071176,0,0,1,0.00136,0.00136,0.005,0
0.71074,274.6,0.0070772,0,0,1,0.00137,0.00137,0.005,0
0.71098,274.6,0.0070369,0,0,1,0.00138,0.00138,0.005,0
0.71029,274.6,0.0069966,0,0,1,0.00139,0.00139,0.005,0
0.7096,274.6,0.0069562,0,0,1,0.0014,0.0014,0.005,0
0.71067,274.6,0.0069173,0,0,1,0.00141,0.00141,0.005,0
0.71173,274.6,0.0068783,0,0,1,0.00142,0.00142,0.005,0
0.71196,274.6,0.0068394,0,0,1,0.00143,0.00143,0.005,0
0.71133,274.6,0.0068005,0,0,1,0.00144,0.00144,0.005,0
0.71071,274.6,0.0067615,0,0,1,0.00145,0.00145,0.005,0
0.71169,274.59,0.0067239,0,0,1,0.00146,0.00146,0.005,0
0.71266,274.59,0.0066863,0,0,1,0.00147,0.00147,0.005,0
0.71287,274.59,0.0066487,0,0,1,0.00148,0.00148,0.005,0
0.71231,274.59,0.0066112,0,0,1,0.00149,0.00149,0.005,0
0.71174,274.59,0.0065737,0,0,1,0.0015,0.0015,0.005,0
0.71264,274.59,0.0065374,0,0,1,0.00151,0.00151,0.005,0
0.71353,274.59,0.0065011,0,0,1,0.00152,0.00152,0.005,0
0.71372,274.59,0.0064648,0,0,1,0.00153,0.00153,0.005,0
0.71321,274.59,0.0064287,0,0,1,0.00154,0.00154,0.005,0
0.7127,274.59,0.0063925,0,0,1,0.00155,0.00155,0.005,0
0.71352,274.59,0.0063575,0,0,1,0.00156,0.00156,0.005,0
0.71434,274.59,0.0063225,0,0,1,0.00157,0.00157,0.005,0
0.71452,274.59,0.0062875,0,0,1,0.00158,0.00158,0.005,0
0.71406,274.59,0.0062527,0,0,1,0.00159,0.00159,0.005,0
0.71359,274.59,0.0062178,0,0,1,0.0016,0.0016,0.005,0
0.71435,274.59,0.006184,0,0,1,0.00161,0.00161,0.005,0
0.7151,274.58,0.0061502,0,0,1,0.00162,0.00162,0.005,0
0.71527,274.58,0.0061165,0,0,1,0.00163,0.00163,0.005,0
0.71484,274.58,0.006083,0,0,1,0.00164,0.00164,0.005,0
0.71442,274.58,0.0060494,0,0,1,0.00165,0.00165,0.005,0
0.71512,274.58,0.0060168,0,0,1,0.00166,0.00166,0.005,0
0.71581,274.58,0.0059842,0,0,1,0.00167,0.00167,0.005,0
0.71596,274.58,0.0059517,0,0,1,0.00168,0.00168,0.005,0
0.71558,274.58,0.0059194,0,0,1,0.00169,0.00169,0.005,0
0.71519,274.58,0.005887,0,0,1,0.0017,0.0017,0.005,0
0.71583,274.58,0.0058556,0,0,1,0.00171,0.00171,0.005,0
0.71647,274.58,0.0058242,0,0,1,0.00172,0.00172,0.005,0
0.71661,274.58,0.0057929,0,0,1,0.00173,0.00173,0.005,0
0.71626,274.58,0.0057617,0,0,1,0.00174,0.00174,0.005,0
0.71591,274.58,0.0057306,0,0,1,0.00175,0.00175,0.005,0
0.7165,274.58,0.0057003,0,0,1,0.00176,0.00176,0.005,0
0.71709,274.58,0.00567,0,0,1,0.00177,0.00177,0.005,0
0.71722,274.58,0.0056399,0,0,1,0.00178,0.00178,0.005,0
0.7169,274.58,0.0056098,0,0,1,0.00179,0.00179,0.005,0
0.71658,274.58,0.0055798,0,0,1,0.0018,0.0018,0.005,0
0.71713,274.58,0.0055506,0,0,1,0.00181,0.00181,0.005,0
0.71767,274.58,0.0055215,0,0,1,0.00182,0.00182,0.005,0
0.71779,274.58,0.0054924,0,0,1,0.00183,0.00183,0.005,0
0.7175,274.57,0.0054635,0,0,1,0.00184,0.00184,0.005,0
0.71721,274.57,0.0054346,0,0,1,0.00185,0.00185,0.005,0
0.71771,274.57,0.0054065,0,0,1,0.00186,0.00186,0.005,0
0.71821,274.57,0.0053784,0,0,1,0.00187,0.00187,0.005,0
0.71833,274.57,0.0053504,0,0,1,0.00188,0.00188,0.005,0
0.71806,274.57,0.0053226,0,0,1,0.00189,0.00189,0.005,0
0.71779,274.57,0.0052947,0,0,1,0.0019,0.0019,0.005,0
0.71825,274.57,0.0052677,0,0,1,0.00191,0.00191,0.005,0
0.71872,274.57,0.0052406,0,0,1,0.00192,0.00192,0.005,0
0.71883,274.57,0.0052136,0,0,1,0.00193,0.00193,0.005,0
0.71858,274.57,0.0051868,0,0,1,0.00194,0.00194,0.005,0
0.71833,274.57,0.0051601,0,0,1,0.00195,0.00195,0.005,0
0.71876,274.57,0.005134,0,0,1,0.00196,0.00196,0.005,0
0.71918,274.57,0.005108,0,0,1,0.00197,0.00197,0.005,0
0.71929,274.57,0.005082,0,0,1,0.00198,0.00198,0.005,0
0.71907,274.57,0.0050562,0,0,1,0.00199,0.00199,0.005,0
0.71885,274.57,0.0050303,0,0,1,0.002,0.002,0.005,0
0.71925,274.57,0.0050051,0,0,1,0.00201,0.00201,0.005,0
0.71964,274.57,0.0049799,0,0,1,0.00202,0.00202,0.005,0
0.71973,274.57,0.0049548,0,0,1,0.00203,0.00203,0.005,0
0.71952,274.57,0.00493,0,0,1,0.00204,0.00204,0.005,0
0.71931,274.57,0.0049051,0,0,1,0.00205,0.00205,0.005,0
0.71968,274.57,0.004881,0,0,1,0.00206,0.00206,0.005,0
0.72004,274.57,0.0048569,0,0,1,0.00207,0.00207,0.005,0
0.72013,274.57,0.0048329,0,0,1,0.00208,0.00208,0.005,0
0.71994,274.57,0.0048091,0,0,1,0.00209,0.00209,0.005,0
0.71974,274.57,0.0047852,0,0,1,0.0021,0.0021,0.005,0
0.72009,274.56,0.004762,0,0,1,0.00211,0.00211,0.005,0
0.72043,274.56,0.0047388,0,0,1,0.00212,0.00212,0.005,0
0.72052,274.56,0.0047157,0,0,1,0.00213,0.00213,0.005,0
0.72034,274.56,0.0046927,0,0,1,0.00214,0.00214,0.005,0
0.72016,274.56,0.0046698,0,0,1,0.00215,0.00215,0.005,0
0.72048,274.56,0.0046474,0,0,1,0.00216,0.00216,0.005,0
0.7208,274.56,0.004625,0,0,1,0.00217,0.00217,0.005,0
0.72088,274.56,0.0046027,0,0,1,0.00218,0.00218,0.005,0
0.72071,274.56,0.0045806,0,0,1,0.00219,0.00219,0.005,0
0.72054,274.56,0.0045584,0,0,1,0.0022,0.0022,0.005,0
0.72084,274.56,0.0045368,0,0,1,0.00221,0.00221,0.005,0
0.72114,274.56,0.0045152,0,0,1,0.00222,0.00222,0.005,0
0.72121,274.56,0.0044938,0,0,1,0.00223,0.00223,0.005,0
0.72106,274.56,0.0044725,0,0,1,0.00224,0.00224,0.005,0
0.7209,274.56,0.0044512,0,0,1,0.00225,0.00225,0.005,0
0.72116,274.56,0.0044306,0,0,1,0.00226,0.00226,0.005,0
0.72143,274.56,0.00441,0,0,1,0.00227,0.00227,0.005,0
0.7215,274.56,0.0043896,0,0,1,0.00228,0.00228,0.005,0
0.72137,274.56,0.0043693,0,0,1,0.00229,0.00229,0.005,0
0.72124,274.56,0.0043489,0,0,1,0.0023,0.0023,0.005,0
0.7215,274.56,0.0043289,0,0,1,0.00231,0.00231,0.005,0
0.72176,274.56,0.0043089,0,0,1,0.00232,0.00232,0.005,0
0.72182,274.56,0.004289,0,0,1,0.00233,0.00233,0.005,0
0.72169,274.56,0.0042693,0,0,1,0.00234,0.00234,0.005,0
0.72155,274.56,0.0042495,0,0,1,0.00235,0.00235,0.005,0
0.72179,274.56,0.0042303,0,0,1,0.00236,0.00236,0.005,0
0.72203,274.56,0.0042112,0,0,1,0.00237,0.00237,0.005,0
0.72209,274.56,0.0041921,0,0,1,0.00238,0.00238,0.005,0
0.72196,274.56,0.0041732,0,0,1,0.00239,0.00239,0.005,0
0.72184,274.56,0.0041544,0,0,1,0.0024,0.0024,0.005,0
0.72206,274.56,0.0041359,0,0,1,0.00241,0.00241,0.005,0
0.72229,274.56,0.0041175,0,0,1,0.00242,0.00242,0.005,0
0.72234,274.56,0.0040992,0,0,1,0.00243,0.00243,0.005,0
0.72223,274.56,0.0040811,0,0,1,0.00244,0.00244,0.005,0
0.72211,274.56,0.0040629,0,0,1,0.00245,0.00245,0.005,0
0.72232,274.56,0.0040452,0,0,1,0.00246,0.00246,0.005,0
0.72253,274.56,0.0040275,0,0,1,0.00247,0.00247,0.005,0
0.72259,274.55,0.0040099,0,0,1,0.00248,0.00248,0.005,0
0.72248,274.55,0.0039924,0,0,1,0.00249,0.00249,0.005,0
0.72237,274.55,0.0039749,0,0,1,0.0025,0.0025,0.005,0
0.72257,274.55,0.0039578,0,0,1,0.00251,0.00251,0.005,0
0.72277,274.55,0.0039408,0,0,1,0.00252,0.00252,0.005,0
0.72281,274.55,0.0039238,0,0,1,0.00253,0.00253,0.005,0
0.72271,274.55,0.0039071,0,0,1,0.00254,0.00254,0.005,0
0.7226,274.55,0.0038903,0,0,1,0.00255,0.00255,0.005,0
0.72278,274.55,0.003874,0,0,1,0.00256,0.00256,0.005,0
0.72296,274.55,0.0038578,0,0,1,0.00257,0.00257,0.005,0
0.723,274.55,0.0038417,0,0,1,0.00258,0.00258,0.005,0
0.72291,274.55,0.0038257,0,0,1,0.00259,0.00259,0.005,0
0.72282,274.55,0.0038097,0,0,1,0.0026,0.0026,0.005,0
0.723,274.55,0.003794,0,0,1,0.00261,0.00261,0.005,0
0.72318,274.55,0.0037783,0,0,1,0.00262,0.00262,0.005,0
0.72322,274.55,0.0037626,0,0,1,0.00263,0.00263,0.005,0
0.72313,274.55,0.0037471,0,0,1,0.00264,0.00264,0.005,0
0.72304,274.55,0.0037316,0,0,1,0.00265,0.00265,0.005,0
0.7232,274.55,0.0037164,0,0,1,0.00266,0.00266,0.005,0
0.72337,274.55,0.0037013,0,0,1,0.00267,0.00267,0.005,0
0.7234,274.55,0.0036863,0,0,1,0.00268,0.00268,0.005,0
0.72332,274.55,0.0036714,0,0,1,0.00269,0.00269,0.005,0
0.72323,274.55,0.0036565,0,0,1,0.0027,0.0027,0.005,0
0.72338,274.55,0.003642,0,0,1,0.00271,0.00271,0.005,0
0.72354,274.55,0.0036275,0,0,1,0.00272,0.00272,0.005,0
0.72357,274.55,0.0036131,0,0,1,0.00273,0.00273,0.005,0
0.72349,274.55,0.0035989,0,0,1,0.00274,0.00274,0.005,0
0.72341,274.55,0.0035846,0,0,1,0.00275,0.00275,0.005,0
0.72355,274.55,0.0035707,0,0,1,0.00276,0.00276,0.005,0
0.7237,274.55,0.0035568,0,0,1,0.00277,0.00277,0.005,0
0.72374,274.55,0.0035429,0,0,1,0.00278,0.00278,0.005,0
0.72366,274.55,0.0035292,0,0,1,0.00279,0.00279,0.005,0
0.72359,274.55,0.0035154,0,0,1,0.0028,0.0028,0.005,0
0.72372,274.55,0.0035019,0,0,1,0.00281,0.00281,0.005,0
0.72386,274.55,0.0034885,0,0,1,0.00282,0.00282,0.005,0
0.72389,274.55,0.0034752,0,0,1,0.00283,0.00283,0.005,0
0.72381,274.55,0.0034621,0,0,1,0.00284,0.00284,0.005,0
0.72373,274.55,0.0034489,0,0,1,0.00285,0.00285,0.005,0
0.72386,274.55,0.0034362,0,0,1,0.00286,0.00286,0.005,0
0.72398,274.55,0.0034235,0,0,1,0.00287,0.00287,0.005,0
0.72401,274.55,0.0034109,0,0,1,0.00288,0.00288,0.005,0
0.72395,274.55,0.0033984,0,0,1,0.00289,0.00289,0.005,0
0.72388,274.55,0.0033859,0,0,1,0.0029,0.0029,0.005,0
0.72401,274.55,0.0033736,0,0,1,0.00291,0.00291,0.005,0
0.72414,274.55,0.0033612,0,0,1,0.00292,0.00292,0.005,0
0.72417,274.55,0.003349,0,0,1,0.00293,0.00293,0.005,0
0.7241,274.55,0.0033368,0,0,1,0.00294,0.00294,0.005,0
0.72403,274.55,0.0033247,0,0,1,0.00295,0.00295,0.005,0
0.72415,274.55,0.0033128,0,0,1,0.00296,0.00296,0.005,0
0.72427,274.55,0.003301,0,0,1,0.00297,0.00297,0.005,0
0.72429,274.55,0.0032892,0,0,1,0.00298,0.00298,0.005,0
0.72423,274.55,0.0032775,0,0,1,0.00299,0.00299,0.005,0
0.72417,274.54,0.0032658,0,0,1,0.003,0.003,0.005,0
0.72428,274.54,0.0032544,0,0,1,0.00301,0.00301,0.005,0
0.72439,274.54,0.0032429,0,0,1,0.00302,0.00302,0.005,0
0.72441,274.54,0.0032317,0,0,1,0.00303,0.00303,0.005,0
0.72434,274.54,0.0032205,0,0,1,0.00304,0.00304,0.005,0
0.72428,274.54,0.0032093,0,0,1,0.00305,0.00305,0.005,0
0.72439,274.54,0.0031984,0,0,1,0.00306,0.00306,0.005,0
0.72449,274.54,0.0031875,0,0,1,0.00307,0.00307,0.005,0
0.72452,274.54,0.0031767,0,0,1,0.00308,0.00308,0.005,0
0.72446,274.54,0.003166,0,0,1,0.00309,0.00309,0.005,0
0.7244,274.54,0.0031553,0,0,1,0.0031,0.0031,0.005,0
0.7245,274.54,0.0031448,0,0,1,0.00311,0.00311,0.005,0
0.7246,274.54,0.0031343,0,0,1,0.00312,0.00312,0.005,0
0.72463,274.54,0.0031239,0,0,1,0.00313,0.00313,0.005,0
0.72457,274.54,0.0031136,0,0,1,0.00314,0.00314,0.005,0
0.72451,274.54,0.0031033,0,0,1,0.00315,0.00315,0.005,0
0.72461,274.54,0.0030932,0,0,1,0.00316,0.00316,0.005,0
0.72471,274.54,0.0030831,0,0,1,0.00317,0.00317,0.005,0
0.72473,274.54,0.0030731,0,0,1,0.00318,0.00318,0.005,0
0.72467,274.54,0.0030632,0,0,1,0.00319,0.00319,0.005,0
0.72461,274.54,0.0030533,0,0,1,0.0032,0.0032,0.005,0
0.72471,274.54,0.0030436,0,0,1,0.00321,0.00321,0.005,0
0.7248,274.54,0.0030339,0,0,1,0.00322,0.00322,0.005,0
0.72482,274.54,0.0030243,0,0,1,0.00323,0.00323,0.005,0
0.72476,274.54,0.0030148,0,0,1,0.00324,0.00324,0.005,0
0.72471,274.54,0.0030052,0,0,1,0.00325,0.00325,0.005,0
0.72479,274.54,0.002996,0,0,1,0.00326,0.00326,0.005,0
0.72488,274.54,0.0029867,0,0,1,0.00327,0.00327,0.005,0
0.7249,274.54,0.0029776,0,0,1,0.00328,0.00328,0.005,0
0.72485,274.54,0.0029684,0,0,1,0.00329,0.00329,0.005,0
0.7248,274.54,0.0029593,0,0,1,0.0033,0.0033,0.005,0
0.72489,274.54,0.0029503,0,0,1,0.00331,0.00331,0.005,0
0.72498,274.54,0.0029414,0,0,1,0.00332,0.00332,0.005,0
0.725,274.54,0.0029324,0,0,1,0.00333,0.00333,0.005,0
0.72494,274.54,0.0029236,0,0,1,0.00334,0.00334,0.005,0
0.72489,274.54,0.0029147,0,0,1,0.00335,0.00335,0.005,0
0.72497,274.54,0.0029061,0,0,1,0.00336,0.00336,0.005,0
0.72506,274.54,0.0028975,0,0,1,0.00337,0.00337,0.005,0
0.72507,274.54,0.0028889,0,0,1,0.00338,0.00338,0.005,0
0.72502,274.54,0.0028804,0,0,1,0.00339,0.00339,0.005,0
0.72497,274.54,0.0028719,0,0,1,0.0034,0.0034,0.005,0
0.72505,274.54,0.0028636,0,0,1,0.00341,0.00341,0.005,0
0.72513,274.54,0.0028553,0,0,1,0.00342,0.00342,0.005,0
0.72515,274.54,0.002847,0,0,1,0.00343,0.00343,0.005,0
0.7251,274.54,0.0028389,0,0,1,0.00344,0.00344,0.005,0
0.72505,274.54,0.0028307,0,0,1,0.00345,0.00345,0.005,0
0.72513,274.54,0.0028227,0,0,1,0.00346,0.00346,0.005,0
0.72521,274.54,0.0028147,0,0,1,0.00347,0.00347,0.005,0
0.72522,274.54,0.0028067,0,0,1,0.00348,0.00348,0.005,0
0.72518,274.54,0.0027988,0,0,1,0.00349,0.00349,0.005,0
0.72513,274.54,0.0027909,0,0,1,0.0035,0.0035,0.005,0
0.7252,274.54,0.0027831,0,0,1,0.00351,0.00351,0.005,0
0.72528,274.54,0.0027754,0,0,1,0.00352,0.00352,0.005,0
0.72529,274.54,0.0027677,0,0,1,0.00353,0.00353,0.005,0
0.72524,274.54,0.0027601,0,0,1,0.00354,0.00354,0.005,0
0.7252,274.54,0.0027526,0,0,1,0.00355,0.00355,0.005,0
0.72526,274.54,0.0027452,0,0,1,0.00356,0.00356,0.005,0
0.72533,274.54,0.0027378,0,0,1,0.00357,0.00357,0.005,0
0.72535,274.54,0.0027305,0,0,1,0.00358,0.00358,0.005,0
0.72531,274.54,0.0027233,0,0,1,0.00359,0.00359,0.005,0
0.72527,274.54,0.002716,0,0,1,0.0036,0.0036,0.005,0
0.72534,274.54,0.0027088,0,0,1,0.00361,0.00361,0.005,0
0.72541,274.54,0.0027016,0,0,1,0.00362,0.00362,0.005,0
0.72542,274.54,0.0026945,0,0,1,0.00363,0.00363,0.005,0
0.72538,274.54,0.0026874,0,0,1,0.00364,0.00364,0.005,0
0.72533,274.54,0.0026803,0,0,1,0.00365,0.00365,0.005,0
0.7254,274.54,0.0026733,0,0,1,0.00366,0.00366,0.005,0
0.72547,274.54,0.0026664,0,0,1,0.00367,0.00367,0.005,0
0.72548,274.54,0.0026594,0,0,1,0.00368,0.00368,0.005,0
0.72544,274.54,0.0026526,0,0,1,0.00369,0.00369,0.005,0
0.7254,274.54,0.0026457,0,0,1,0.0037,0.0037,0.005,0
0.72546,274.54,0.002639,0,0,1,0.00371,0.00371,0.005,0
0.72552,274.54,0.0026322,0,0,1,0.00372,0.00372,0.005,0
0.72553,274.54,0.0026255,0,0,1,0.00373,0.00373,0.005,0
0.72549,274.54,0.0026189,0,0,1,0.00374,0.00374,0.005,0
0.72545,274.54,0.0026123,0,0,1,0.00375,0.00375,0.005,0
0.72552,274.53,0.0026059,0,0,1,0.00376,0.00376,0.005,0
0.72558,274.53,0.0025994,0,0,1,0.00377,0.00377,0.005,0
0.72559,274.53,0.002593,0,0,1,0.00378,0.00378,0.005,0
0.72555,274.53,0.0025866,0,0,1,0.00379,0.00379,0.005,0
0.72551,274.53,0.0025802,0,0,1,0.0038,0.0038,0.005,0
0.72557,274.53,0.0025739,0,0,1,0.00381,0.00381,0.005,0
0.72563,274.53,0.0025676,0,0,1,0.00382,0.00382,0.005,0
0.72564,274.53,0.0025614,0,0,1,0.00383,0.00383,0.005,0
0.72561,274.53,0.0025552,0,0,1,0.00384,0.00384,0.005,0
0.72557,274.53,0.002549,0,0,1,0.00385,0.00385,0.005,0
0.72563,274.53,0.0025429,0,0,1,0.00386,0.00386,0.005,0
0.72569,274.53,0.0025368,0,0,1,0.00387,0.00387,0.005,0
0.7257,274.53,0.0025307,0,0,1,0.00388,0.00388,0.005,0
0.72566,274.53,0.0025247,0,0,1,0.00389,0.00389,0.005,0
0.72562,274.53,0.0025186,0,0,1,0.0039,0.0039,0.005,0
0.72568,274.53,0.0025127,0,0,1,0.00391,0.00391,0.005,0
0.72574,274.53,0.0025068,0,0,1,0.00392,0.00392,0.005,0
0.72575,274.53,0.0025009,0,0,1,0.00393,0.00393,0.005,0
0.72571,274.53,0.0024951,0,0,1,0.00394,0.00394,0.005,0
0.72567,274.53,0.0024893,0,0,1,0.00395,0.00395,0.005,0
0.72573,274.53,0.0024836,0,0,1,0.00396,0.00396,0.005,0
0.72578,274.53,0.0024779,0,0,1,0.00397,0.00397,0.005,0
0.72579,274.53,0.0024722,0,0,1,0.00398,0.00398,0.005,0
0.72576,274.53,0.0024665,0,0,1,0.00399,0.00399,0.005,0
0.72573,274.53,0.0024608,0,0,1,0.004,0.004,0.005,0
0.72578,274.53,0.0024552,0,0,1,0.00401,0.00401,0.005,0
0.72583,274.53,0.0024496,0,0,1,0.00402,0.00402,0.005,0
0.72584,274.53,0.002444,0,0,1,0.00403,0.00403,0.005,0
0.72581,274.53,0.0024385,0,0,1,0.00404,0.00404,0.005,0
0.72577,274.53,0.002433,0,0,1,0.00405,0.00405,0.005,0
0.72583,274.53,0.0024275,0,0,1,0.00406,0.00406,0.005,0
0.72588,274.53,0.0024221,0,0,1,0.00407,0.00407,0.005,0
0.72589,274.53,0.0024167,0,0,1,0.00408,0.00408,0.005,0
0.72586,274.53,0.0024113,0,0,1,0.00409,0.00409,0.005,0
0.72582,274.53,0.0024059,0,0,1,0.0041,0.0041,0.005,0
0.72587,274.53,0.0024006,0,0,1,0.00411,0.00411,0.005,0
0.72592,274.53,0.0023953,0,0,1,0.00412,0.00412,0.005,0
0.72593,274.53,0.00239,0,0,1,0.00413,0.00413,0.005,0
0.7259,274.53,0.0023848,0,0,1,0.00414,0.00414,0.005,0
0.72586,274.53,0.0023796,0,0,1,0.00415,0.00415,0.005,0
0.72591,274.53,0.0023745,0,0,1,0.00416,0.00416,0.005,0
0.72596,274.53,0.0023694,0,0,1,0.00417,0.00417,0.005,0
0.72597,274.53,0.0023643,0,0,1,0.00418,0.00418,0.005,0
0.72594,274.53,0.0023592,0,0,1,0.00419,0.00419,0.005,0
0.72591,274.53,0.0023541,0,0,1,0.0042,0.0042,0.005,0
0.72596,274.53,0.0023491,0,0,1,0.00421,0.00421,0.005,0
0.72601,274.53,0.002344,0,0,1,0.00422,0.00422,0.005,0
0.72602,274.53,0.002339,0,0,1,0.00423,0.00423,0.005,0
0.72599,274.53,0.002334,0,0,1,0.00424,0.00424,0.005,0
0.72595,274.53,0.002329,0,0,1,0.00425,0.00425,0.005,0
0.726,274.53,0.0023241,0,0,1,0.00426,0.00426,0.005,0
0.72604,274.53,0.0023192,0,0,1,0.00427,0.00427,0.005,0
0.72605,274.53,0.0023144,0,0,1,0.00428,0.00428,0.005,0
0.72603,274.53,0.0023095,0,0,1,0.00429,0.00429,0.005,0
0.726,274.53,0.0023046,0,0,1,0.0043,0.0043,0.005,0
0.72605,274.53,0.0022998,0,0,1,0.00431,0.00431,0.005,0
0.72609,274.53,0.0022949,0,0,1,0.00432,0.00432,0.005,0
0.7261,274.53,0.0022901,0,0,1,0.00433,0.00433,0.005,0
0.72607,274.53,0.0022854,0,0,1,0.00434,0.00434,0.005,0
0.72604,274.53,0.0022806,0,0,1,0.00435,0.00435,0.005,0
0.72608,274.53,0.0022759,0,0,1,0.00436,0.00436,0.005,0
0.72613,274.53,0.0022712,0,0,1,0.00437,0.00437,0.005,0
0.72613,274.53,0.0022665,0,0,1,0.00438,0.00438,0.005,0
0.72611,274.53,0.0022618,0,0,1,0.00439,0.00439,0.005,0
0.72608,274.53,0.0022572,0,0,1,0.0044,0.0044,0.005,0
0.72612,274.53,0.0022526,0,0,1,0.00441,0.00441,0.005,0
0.72616,274.53,0.002248,0,0,1,0.00442,0.00442,0.005,0
0.72617,274.53,0.0022434,0,0,1,0.00443,0.00443,0.005,0
0.72614,274.53,0.0022389,0,0,1,0.00444,0.00444,0.005,0
0.72612,274.53,0.0022343,0,0,1,0.00445,0.00445,0.005,0
0.72616,274.53,0.0022298,0,0,1,0.00446,0.00446,0.005,0
0.7262,274.53,0.0022253,0,0,1,0.00447,0.00447,0.005,0
0.72621,274.53,0.0022209,0,0,1,0.00448,0.00448,0.005,0
0.72618,274.53,0.0022164,0,0,1,0.00449,0.00449,0.005,0
0.72616,274.53,0.0022119,0,0,1,0.0045,0.0045,0.005,0
0.7262,274.53,0.0022075,0,0,1,0.00451,0.00451,0.005,0
0.72624,274.53,0.002203,0,0,1,0.00452,0.00452,0.005,0
0.72625,274.53,0.0021986,0,0,1,0.00453,0.00453,0.005,0
0.72622,274.53,0.0021942,0,0,1,0.00454,0.00454,0.005,0
0.72619,274.53,0.0021898,0,0,1,0.00455,0.00455,0.005,0
0.72623,274.53,0.0021855,0,0,1,0.00456,0.00456,0.005,0
0.72627,274.53,0.0021812,0,0,1,0.00457,0.00457,0.005,0
0.72628,274.53,0.0021769,0,0,1,0.00458,0.00458,0.005,0
0.72626,274.53,0.0021726,0,0,1,0.00459,0.00459,0.005,0
0.72623,274.53,0.0021683,0,0,1,0.0046,0.0046,0.005,0
0.72627,274.53,0.002164,0,0,1,0.00461,0.00461,0.005,0
0.72631,274.53,0.0021597,0,0,1,0.00462,0.00462,0.005,0
0.72632,274.53,0.0021555,0,0,1,0.00463,0.00463,0.005,0
0.72629,274.53,0.0021512,0,0,1,0.00464,0.00464,0.005,0
0.72627,274.53,0.002147,0,0,1,0.00465,0.00465,0.005,0
0.72631,274.53,0.0021428,0,0,1,0.00466,0.00466,0.005,0
0.72634,274.53,0.0021386,0,0,1,0.00467,0.00467,0.005,0
0.72635,274.53,0.0021345,0,0,1,0.00468,0.00468,0.005,0
0.72633,274.53,0.0021303,0,0,1,0.00469,0.00469,0.005,0
0.72631,274.53,0.0021261,0,0,1,0.0047,0.0047,0.005,0
0.72634,274.53,0.002122,0,0,1,0.00471,0.00471,0.005,0
0.72638,274.53,0.0021179,0,0,1,0.00472,0.00472,0.005,0
0.72638,274.53,0.0021138,0,0,1,0.00473,0.00473,0.005,0
0.72636,274.53,0.0021097,0,0,1,0.00474,0.00474,0.005,0
0.72634,274.53,0.0021056,0,0,1,0.00475,0.00475,0.005,0
0.72637,274.53,0.0021016,0,0,1,0.00476,0.00476,0.005,0
0.72641,274.53,0.0020976,0,0,1,0.00477,0.00477,0.005,0
0.72641,274.53,0.0020936,0,0,1,0.00478,0.00478,0.005,0
0.72639,274.53,0.0020896,0,0,1,0.00479,0.00479,0.005,0
0.72637,274.53,0.0020856,0,0,1,0.0048,0.0048,0.005,0
0.72641,274.53,0.0020816,0,0,1,0.00481,0.00481,0.005,0
0.72644,274.52,0.0020776,0,0,1,0.00482,0.00482,0.005,0
0.72645,274.52,0.0020736,0,0,1,0.00483,0.00483,0.005,0
0.72643,274.52,0.0020697,0,0,1,0.00484,0.00484,0.005,0
0.7264,274.52,0.0020657,0,0,1,0.00485,0.00485,0.005,0
0.72644,274.52,0.0020618,0,0,1,0.00486,0.00486,0.005,0
0.72647,274.52,0.0020579,0,0,1,0.00487,0.00487,0.005,0
0.72648,274.52,0.002054,0,0,1,0.00488,0.00488,0.005,0
0.72646,274.52,0.0020501,0,0,1,0.00489,0.00489,0.005,0
0.72644,274.52,0.0020462,0,0,1,0.0049,0.0049,0.005,0
0.72647,274.52,0.0020423,0,0,1,0.00491,0.00491,0.005,0
0.72651,274.52,0.0020384,0,0,1,0.00492,0.00492,0.005,0
0.72651,274.52,0.0020346,0,0,1,0.00493,0.00493,0.005,0
0.72649,274.52,0.0020307,0,0,1,0.00494,0.00494,0.005,0
0.72647,274.52,0.0020269,0,0,1,0.00495,0.00495,0.005,0
0.7265,274.52,0.0020231,0,0,1,0.00496,0.00496,0.005,0
0.72654,274.52,0.0020193,0,0,1,0.00497,0.00497,0.005,0
0.72654,274.52,0.0020155,0,0,1,0.00498,0.00498,0.005,0
0.72652,274.52,0.0020117,0,0,1,0.00499,0.00499,0.005,0
0.7265,274.52,0.0020079,0,0,1,0.005,0.005,0.005,0
0.72653,274.52,0.0020042,0,0,1,0.00501,0.00501,0.005,0
0.72656,274.52,0.0020004,0,0,1,0.00502,0.00502,0.005,0
0.72657,274.52,0.0019967,0,0,1,0.00503,0.00503,0.005,0
0.72655,274.52,0.001993,0,0,1,0.00504,0.00504,0.005,0
0.72653,274.52,0.0019893,0,0,1,0.00505,0.00505,0.005,0
0.72656,274.52,0.0019856,0,0,1,0.00506,0.00506,0.005,0
0.72659,274.52,0.0019819,0,0,1,0.00507,0.00507,0.005,0
0.7266,274.52,0.0019783,0,0,1,0.00508,0.00508,0.005,0
0.72658,274.52,0.0019746,0,0,1,0.00509,0.00509,0.005,0
0.72656,274.52,0.0019709,0,0,1,0.0051,0.0051,0.005,0
0.72659,274.52,0.0019673,0,0,1,0.00511,0.00511,0.005,0
0.72662,274.52,0.0019636,0,0,1,0.00512,0.00512,0.005,0
0.72663,274.52,0.00196,0,0,1,0.00513,0.00513,0.005,0
0.72661,274.52,0.0019563,0,0,1,0.00514,0.00514,0.005,0
0.72659,274.52,0.0019527,0,0,1,0.00515,0.00515,0.005,0
0.72662,274.52,0.0019492,0,0,1,0.00516,0.00516,0.005,0
0.72665,274.52,0.0019456,0,0,1,0.00517,0.00517,0.005,0
0.72665,274.52,0.001942,0,0,1,0.00518,0.00518,0.005,0
0.72664,274.52,0.0019385,0,0,1,0.00519,0.00519,0.005,0
0.72662,274.52,0.0019349,0,0,1,0.0052,0.0052,0.005,0
0.72665,274.52,0.0019313,0,0,1,0.00521,0.00521,0.005,0
0.72668,274.52,0.0019278,0,0,1,0.00522,0.00522,0.005,0
0.72669,274.52,0.0019243,0,0,1,0.00523,0.00523,0.005,0
0.72667,274.52,0.0019207,0,0,1,0.00524,0.00524,0.005,0
0.72665,274.52,0.0019172,0,0,1,0.00525,0.00525,0.005,0
0.72668,274.52,0.0019137,0,0,1,0.00526,0.00526,0.005,0
0.72671,274.52,0.0019102,0,0,1,0.00527,0.00527,0.005,0
0.72671,274.52,0.0019068,0,0,1,0.00528,0.00528,0.005,0
0.72669,274.52,0.0019033,0,0,1,0.00529,0.00529,0.005,0
0.72668,274.52,0.0018998,0,0,1,0.0053,0.0053,0.005,0
0.7267,274.52,0.0018964,0,0,1,0.00531,0.00531,0.005,0
0.72673,274.52,0.001893,0,0,1,0.00532,0.00532,0.005,0
0.72674,274.52,0.0018896,0,0,1,0.00533,0.00533,0.005,0
0.72672,274.52,0.0018862,0,0,1,0.00534,0.00534,0.005,0
0.7267,274.52,0.0018827,0,0,1,0.00535,0.00535,0.005,0
0.72673,274.52,0.0018794,0,0,1,0.00536,0.00536,0.005,0
0.72676,274.52,0.001876,0,0,1,0.00537,0.00537,0.005,0
0.72676,274.52,0.0018726,0,0,1,0.00538,0.00538,0.005,0
0.72675,274.52,0.0018693,0,0,1,0.00539,0.00539,0.005,0
0.72673,274.52,0.0018659,0,0,1,0.0054,0.0054,0.005,0
0.72676,274.52,0.0018625,0,0,1,0.00541,0.00541,0.005,0
0.72679,274.52,0.0018592,0,0,1,0.00542,0.00542,0.005,0
0.72679,274.52,0.0018558,0,0,1,0.00543,0.00543,0.005,0
0.72677,274.52,0.0018525,0,0,1,0.00544,0.00544,0.005,0
0.72676,274.52,0.0018492,0,0,1,0.00545,0.00545,0.005,0
0.72678,274.52,0.0018459,0,0,1,0.00546,0.00546,0.005,0
0.72681,274.52,0.0018426,0,0,1,0.00547,0.00547,0.005,0
0.72681,274.52,0.0018394,0,0,1,0.00548,0.00548,0.005,0
0.7268,274.52,0.0018361,0,0,1,0.00549,0.00549,0.005,0
0.72678,274.52,0.0018328,0,0,1,0.0055,0.0055,0.005,0
0.72681,274.52,0.0018296,0,0,1,0.00551,0.00551,0.005,0
0.72683,274.52,0.0018263,0,0,1,0.00552,0.00552,0.005,0
0.72684,274.52,0.0018231,0,0,1,0.00553,0.00553,0.005,0
0.72682,274.52,0.0018199,0,0,1,0.00554,0.00554,0.005,0
0.72681,274.52,0.0018167,0,0,1,0.00555,0.00555,0.005,0
0.72683,274.52,0.0018135,0,0,1,0.00556,0.00556,0.005,0
0.72686,274.52,0.0018104,0,0,1,0.00557,0.00557,0.005,0
0.72686,274.52,0.0018072,0,0,1,0.00558,0.00558,0.005,0
0.72685,274.52,0.001804,0,0,1,0.00559,0.00559,0.005,0
0.72684,274.52,0.0018008,0,0,1,0.0056,0.0056,0.005,0
0.72686,274.52,0.0017977,0,0,1,0.00561,0.00561,0.005,0
0.72688,274.52,0.0017945,0,0,1,0.00562,0.00562,0.005,0
0.72689,274.52,0.0017914,0,0,1,0.00563,0.00563,0.005,0
0.72687,274.52,0.0017883,0,0,1,0.00564,0.00564,0.005,0
0.72686,274.52,0.0017852,0,0,1,0.00565,0.00565,0.005,0
0.72688,274.52,0.0017821,0,0,1,0.00566,0.00566,0.005,0
0.7269,274.52,0.001779,0,0,1,0.00567,0.00567,0.005,0
0.72691,274.52,0.001776,0,0,1,0.00568,0.00568,0.005,0
0.7269,274.52,0.0017729,0,0,1,0.00569,0.00569,0.005,0
0.72688,274.52,0.0017698,0,0,1,0.0057,0.0057,0.005,0
0.7269,274.52,0.0017668,0,0,1,0.00571,0.00571,0.005,0
0.72693,274.52,0.0017637,0,0,1,0.00572,0.00572,0.005,0
0.72693,274.52,0.0017607,0,0,1,0.00573,0.00573,0.005,0
0.72692,274.52,0.0017577,0,0,1,0.00574,0.00574,0.005,0
0.7269,274.52,0.0017547,0,0,1,0.00575,0.00575,0.005,0
0.72692,274.52,0.0017517,0,0,1,0.00576,0.00576,0.005,0
0.72695,274.52,0.0017488,0,0,1,0.00577,0.00577,0.005,0
0.72695,274.52,0.0017458,0,0,1,0.00578,0.00578,0.005,0
0.72694,274.52,0.0017428,0,0,1,0.00579,0.00579,0.005,0
0.72693,274.52,0.0017399,0,0,1,0.0058,0.0058,0.005,0
0.72695,274.52,0.0017369,0,0,1,0.00581,0.00581,0.005,0
0.72697,274.52,0.001734,0,0,1,0.00582,0.00582,0.005,0
0.72697,274.52,0.0017311,0,0,1,0.00583,0.00583,0.005,0
0.72696,274.52,0.0017282,0,0,1,0.00584,0.00584,0.005,0
0.72695,274.52,0.0017253,0,0,1,0.00585,0.00585,0.005,0
0.72697,274.52,0.0017224,0,0,1,0.00586,0.00586,0.005,0
0.72699,274.52,0.0017195,0,0,1,0.00587,0.00587,0.005,0
0.72699,274.52,0.0017167,0,0,1,0.00588,0.00588,0.005,0
0.72698,274.52,0.0017138,0,0,1,0.00589,0.00589,0.005,0
0.72697,274.52,0.001711,0,0,1,0.0059,0.0059,0.005,0
0.72699,274.52,0.0017082,0,0,1,0.00591,0.00591,0.005,0
0.72701,274.52,0.0017054,0,0,1,0.00592,0.00592,0.005,0
0.72701,274.52,0.0017026,0,0,1,0.00593,0.00593,0.005,0
0.727,274.52,0.0016998,0,0,1,0.00594,0.00594,0.005,0
0.72699,274.52,0.001697,0,0,1,0.00595,0.00595,0.005,0
0.72701,274.52,0.0016943,0,0,1,0.00596,0.00596,0.005,0
0.72703,274.52,0.0016915,0,0,1,0.00597,0.00597,0.005,0
0.72703,274.52,0.0016888,0,0,1,0.00598,0.00598,0.005,0
0.72702,274.52,0.001686,0,0,1,0.00599,0.00599,0.005,0
0.72701,274.52,0.0016833,0,0,1,0.006,0.006,0.005,0
0.72703,274.52,0.0016806,0,0,1,0.00601,0.00601,0.005,0
0.72705,274.52,0.0016779,0,0,1,0.00602,0.00602,0.005,0
0.72705,274.52,0.0016752,0,0,1,0.00603,0.00603,0.005,0
0.72704,274.52,0.0016725,0,0,1,0.00604,0.00604,0.005,0
0.72703,274.52,0.0016699,0,0,1,0.00605,0.00605,0.005,0
0.72705,274.52,0.0016673,0,0,1,0.00606,0.00606,0.005,0
0.72706,274.52,0.0016646,0,0,1,0.00607,0.00607,0.005,0
0.72707,274.52,0.001662,0,0,1,0.00608,0.00608,0.005,0
0.72706,274.52,0.0016594,0,0,1,0.00609,0.00609,0.005,0
0.72705,274.52,0.0016568,0,0,1,0.0061,0.0061,0.005,0
0.72707,274.52,0.0016542,0,0,1,0.00611,0.00611,0.005,0
0.72708,274.52,0.0016517,0,0,1,0.00612,0.00612,0.005,0
0.72709,274.52,0.0016491,0,0,1,0.00613,0.00613,0.005,0
0.72708,274.52,0.0016465,0,0,1,0.00614,0.00614,0.005,0
0.72707,274.52,0.001644,0,0,1,0.00615,0.00615,0.005,0
0.72708,274.52,0.0016415,0,0,1,0.00616,0.00616,0.005,0
0.7271,274.52,0.001639,0,0,1,0.00617,0.00617,0.005,0
0.7271,274.52,0.0016365,0,0,1,0.00618,0.00618,0.005,0
0.72709,274.52,0.0016341,0,0,1,0.00619,0.00619,0.005,0
0.72708,274.52,0.0016316,0,0,1,0.0062,0.0062,0.005,0
0.7271,274.52,0.0016291,0,0,1,0.00621,0.00621,0.005,0
0.72711,274.52,0.0016267,0,0,1,0.00622,0.00622,0.005,0
0.72712,274.52,0.0016243,0,0,1,0.00623,0.00623,0.005,0
0.72711,274.52,0.0016219,0,0,1,0.00624,0.00624,0.005,0
0.7271,274.52,0.0016195,0,0,1,0.00625,0.00625,0.005,0
0.72711,274.52,0.0016172,0,0,1,0.00626,0.00626,0.005,0
0.72713,274.52,0.0016148,0,0,1,0.00627,0.00627,0.005,0
0.72713,274.52,0.0016125,0,0,1,0.00628,0.00628,0.005,0
0.72712,274.52,0.0016101,0,0,1,0.00629,0.00629,0.005,0
0.72712,274.52,0.0016078,0,0,1,0.0063,0.0063,0.005,0
0.72713,274.52,0.0016055,0,0,1,0.00631,0.00631,0.005,0
0.72715,274.52,0.0016032,0,0,1,0.00632,0.00632,0.005,0
0.72715,274.52,0.0016009,0,0,1,0.00633,0.00633,0.005,0
0.72714,274.52,0.0015986,0,0,1,0.00634,0.00634,0.005,0
0.72713,274.52,0.0015964,0,0,1,0.00635,0.00635,0.005,0
0.72714,274.52,0.0015941,0,0,1,0.00636,0.00636,0.005,0
0.72716,274.51,0.0015919,0,0,1,0.00637,0.00637,0.005,0
0.72716,274.51,0.0015897,0,0,1,0.00638,0.00638,0.005,0
0.72715,274.51,0.0015876,0,0,1,0.00639,0.00639,0.005,0
0.72714,274.51,0.0015854,0,0,1,0.0064,0.0064,0.005,0
0.72716,274.51,0.0015832,0,0,1,0.00641,0.00641,0.005,0
0.72717,274.51,0.0015811,0,0,1,0.00642,0.00642,0.005,0
0.72717,274.51,0.001579,0,0,1,0.00643,0.00643,0.005,0
0.72717,274.51,0.0015769,0,0,1,0.00644,0.00644,0.005,0
0.72716,274.51,0.0015748,0,0,1,0.00645,0.00645,0.005,0
0.72717,274.51,0.0015727,0,0,1,0.00646,0.00646,0.005,0
0.72718,274.51,0.0015707,0,0,1,0.00647,0.00647,0.005,0
0.72719,274.51,0.0015686,0,0,1,0.00648,0.00648,0.005,0
0.72718,274.51,0.0015666,0,0,1,0.00649,0.00649,0.005,0
0.72717,274.51,0.0015646,0,0,1,0.0065,0.0065,0.005,0
0.72718,274.51,0.0015626,0,0,1,0.00651,0.00651,0.005,0
0.7272,274.51,0.0015606,0,0,1,0.00652,0.00652,0.005,0
0.7272,274.51,0.0015586,0,0,1,0.00653,0.00653,0.005,0
0.72719,274.51,0.0015567,0,0,1,0.00654,0.00654,0.005,0
0.72718,274.51,0.0015547,0,0,1,0.00655,0.00655,0.005,0
0.72719,274.51,0.0015529,0,0,1,0.00656,0.00656,0.005,0
0.72721,274.51,0.001551,0,0,1,0.00657,0.00657,0.005,0
0.72721,274.51,0.0015491,0,0,1,0.00658,0.00658,0.005,0
0.7272,274.51,0.0015472,0,0,1,0.00659,0.00659,0.005,0
0.72719,274.51,0.0015454,0,0,1,0.0066,0.0066,0.005,0
0.72721,274.51,0.0015435,0,0,1,0.00661,0.00661,0.005,0
0.72722,274.51,0.0015417,0,0,1,0.00662,0.00662,0.005,0
0.72722,274.51,0.0015399,0,0,1,0.00663,0.00663,0.005,0
0.72721,274.51,0.0015381,0,0,1,0.00664,0.00664,0.005,0
0.7272,274.51,0.0015364,0,0,1,0.00665,0.00665,0.005,0
0.72721,274.51,0.0015346,0,0,1,0.00666,0.00666,0.005,0
0.72723,274.51,0.0015329,0,0,1,0.00667,0.00667,0.005,0
0.72723,274.51,0.0015312,0,0,1,0.00668,0.00668,0.005,0
0.72722,274.51,0.0015295,0,0,1,0.00669,0.00669,0.005,0
0.72721,274.51,0.0015279,0,0,1,0.0067,0.0067,0.005,0
0.72722,274.51,0.0015262,0,0,1,0.00671,0.00671,0.005,0
0.72723,274.51,0.0015246,0,0,1,0.00672,0.00672,0.005,0
0.72724,274.51,0.001523,0,0,1,0.00673,0.00673,0.005,0
0.72723,274.51,0.0015214,0,0,1,0.00674,0.00674,0.005,0
0.72722,274.51,0.0015198,0,0,1,0.00675,0.00675,0.005,0
0.72723,274.51,0.0015182,0,0,1,0.00676,0.00676,0.005,0
0.72724,274.51,0.0015167,0,0,1,0.00677,0.00677,0.005,0
0.72724,274.51,0.0015152,0,0,1,0.00678,0.00678,0.005,0
0.72724,274.51,0.0015137,0,0,1,0.00679,0.00679,0.005,0
0.72723,274.51,0.0015122,0,0,1,0.0068,0.0068,0.005,0
0.72724,274.51,0.0015107,0,0,1,0.00681,0.00681,0.005,0
0.72725,274.51,0.0015092,0,0,1,0.00682,0.00682,0.005,0
0.72725,274.51,0.0015078,0,0,1,0.00683,0.00683,0.005,0
0.72724,274.51,0.0015064,0,0,1,0.00684,0.00684,0.005,0
0.72723,274.51,0.001505,0,0,1,0.00685,0.00685,0.005,0
0.72724,274.51,0.0015036,0,0,1,0.00686,0.00686,0.005,0
0.72725,274.51,0.0015022,0,0,1,0.00687,0.00687,0.005,0
0.72726,274.51,0.0015009,0,0,1,0.00688,0.00688,0.005,0
0.72725,274.51,0.0014996,0,0,1,0.00689,0.00689,0.005,0
0.72724,274.51,0.0014983,0,0,1,0.0069,0.0069,0.005,0
0.72725,274.51,0.001497,0,0,1,0.00691,0.00691,0.005,0
0.72726,274.51,0.0014957,0,0,1,0.00692,0.00692,0.005,0
0.72726,274.51,0.0014945,0,0,1,0.00693,0.00693,0.005,0
0.72725,274.51,0.0014933,0,0,1,0.00694,0.00694,0.005,0
0.72724,274.51,0.0014921,0,0,1,0.00695,0.00695,0.005,0
0.72725,274.51,0.0014909,0,0,1,0.00696,0.00696,0.005,0
0.72726,274.51,0.0014897,0,0,1,0.00697,0.00697,0.005,0
0.72726,274.51,0.0014886,0,0,1,0.00698,0.00698,0.005,0
0.72726,274.51,0.0014875,0,0,1,0.00699,0.00699,0.005,0
0.72725,274.51,0.0014863,0,0,1,0.007,0.007,0.005,0
0.72726,274.51,0.0014852,0,0,1,0.00701,0.00701,0.005,0
0.72727,274.51,0.0014842,0,0,1,0.00702,0.00702,0.005,0
0.72727,274.51,0.0014831,0,0,1,0.00703,0.00703,0.005,0
0.72726,274.51,0.0014821,0,0,1,0.00704,0.00704,0.005,0
0.72725,274.51,0.001481,0,0,1,0.00705,0.00705,0.005,0
0.72726,274.51,0.0014801,0,0,1,0.00706,0.00706,0.005,0
0.72727,274.51,0.0014791,0,0,1,0.00707,0.00707,0.005,0
0.72727,274.51,0.0014781,0,0,1,0.00708,0.00708,0.005,0
0.72726,274.51,0.0014772,0,0,1,0.00709,0.00709,0.005,0
0.72725,274.51,0.0014763,0,0,1,0.0071,0.0071,0.005,0
0.72726,274.51,0.0014754,0,0,1,0.00711,0.00711,0.005,0
0.72727,274.51,0.0014745,0,0,1,0.00712,0.00712,0.005,0
0.72727,274.51,0.0014736,0,0,1,0.00713,0.00713,0.005,0
0.72726,274.51,0.0014728,0,0,1,0.00714,0.00714,0.005,0
0.72725,274.51,0.001472,0,0,1,0.00715,0.00715,0.005,0
0.72726,274.51,0.0014712,0,0,1,0.00716,0.00716,0.005,0
0.72727,274.51,0.0014704,0,0,1,0.00717,0.00717,0.005,0
0.72727,274.51,0.0014697,0,0,1,0.00718,0.00718,0.005,0
0.72726,274.51,0.0014689,0,0,1,0.00719,0.00719,0.005,0
0.72725,274.51,0.0014682,0,0,1,0.0072,0.0072,0.005,0
0.72726,274.51,0.0014675,0,0,1,0.00721,0.00721,0.005,0
0.72727,274.51,0.0014668,0,0,1,0.00722,0.00722,0.005,0
0.72727,274.51,0.0014661,0,0,1,0.00723,0.00723,0.005,0
0.72726,274.51,0.0014655,0,0,1,0.00724,0.00724,0.005,0
0.72725,274.51,0.0014648,0,0,1,0.00725,0.00725,0.005,0
0.72726,274.51,0.0014642,0,0,1,0.00726,0.00726,0.005,0
0.72727,274.51,0.0014636,0,0,1,0.00727,0.00727,0.005,0
0.72727,274.51,0.0014631,0,0,1,0.00728,0.00728,0.005,0
0.72726,274.51,0.0014625,0,0,1,0.00729,0.00729,0.005,0
0.72725,274.51,0.001462,0,0,1,0.0073,0.0073,0.005,0
0.72726,274.51,0.0014615,0,0,1,0.00731,0.00731,0.005,0
0.72727,274.51,0.001461,0,0,1,0.00732,0.00732,0.005,0
0.72726,274.51,0.0014605,0,0,1,0.00733,0.00733,0.005,0
0.72726,274.51,0.00146,0,0,1,0.00734,0.00734,0.005,0
0.72725,274.51,0.0014596,0,0,1,0.00735,0.00735,0.005,0
0.72725,274.51,0.0014592,0,0,1,0.00736,0.00736,0.005,0
0.72726,274.51,0.0014588,0,0,1,0.00737,0.00737,0.005,0
0.72726,274.51,0.0014584,0,0,1,0.00738,0.00738,0.005,0
0.72725,274.51,0.001458,0,0,1,0.00739,0.00739,0.005,0
0.72724,274.51,0.0014577,0,0,1,0.0074,0.0074,0.005,0
0.72725,274.51,0.0014574,0,0,1,0.00741,0.00741,0.005,0
0.72726,274.51,0.001457,0,0,1,0.00742,0.00742,0.005,0
0.72726,274.51,0.0014567,0,0,1,0.00743,0.00743,0.005,0
0.72725,274.51,0.0014565,0,0,1,0.00744,0.00744,0.005,0
0.72724,274.51,0.0014562,0,0,1,0.00745,0.00745,0.005,0
0.72724,274.51,0.001456,0,0,1,0.00746,0.00746,0.005,0
0.72725,274.51,0.0014558,0,0,1,0.00747,0.00747,0.005,0
0.72725,274.51,0.0014556,0,0,1,0.00748,0.00748,0.005,0
0.72724,274.51,0.0014554,0,0,1,0.00749,0.00749,0.005,0
0.72723,274.51,0.0014552,0,0,1,0.0075,0.0075,0.005,0
0.72724,274.51,0.0014551,0,0,1,0.00751,0.00751,0.005,0
0.72725,274.51,0.0014549,0,0,1,0.00752,0.00752,0.005,0
0.72724,274.51,0.0014548,0,0,1,0.00753,0.00753,0.005,0
0.72723,274.51,0.0014547,0,0,1,0.00754,0.00754,0.005,0
0.72722,274.51,0.0014546,0,0,1,0.00755,0.00755,0.005,0
0.72723,274.51,0.0014546,0,0,1,0.00756,0.00756,0.005,0
0.72724,274.51,0.0014545,0,0,1,0.00757,0.00757,0.005,0
0.72724,274.51,0.0014545,0,0,1,0.00758,0.00758,0.005,0
0.72723,274.51,0.0014545,0,0,1,0.00759,0.00759,0.005,0
0.72722,274.51,0.0014545,0,0,1,0.0076,0.0076,0.005,0
0.72722,274.51,0.0014545,0,0,1,0.00761,0.00761,0.005,0
0.72723,274.51,0.0014545,0,0,1,0.00762,0.00762,0.005,0
0.72723,274.51,0.0014546,0,0,1,0.00763,0.00763,0.005,0
0.72722,274.51,0.0014547,0,0,1,0.00764,0.00764,0.005,0
0.72721,274.51,0.0014547,0,0,1,0.00765,0.00765,0.005,0
0.72721,274.51,0.0014549,0,0,1,0.00766,0.00766,0.005,0
0.72722,274.51,0.001455,0,0,1,0.00767,0.00767,0.005,0
0.72722,274.51,0.0014551,0,0,1,0.00768,0.00768,0.005,0
0.72721,274.51,0.0014553,0,0,1,0.00769,0.00769,0.005,0
0.7272,274.51,0.0014554,0,0,1,0.0077,0.0077,0.005,0
0.7272,274.51,0.0014556,0,0,1,0.00771,0.00771,0.005,0
0.72721,274.51,0.0014558,0,0,1,0.00772,0.00772,0.005,0
0.72721,274.51,0.001456,0,0,1,0.00773,0.00773,0.005,0
0.7272,274.51,0.0014562,0,0,1,0.00774,0.00774,0.005,0
0.72718,274.51,0.0014564,0,0,1,0.00775,0.00775,0.005,0
0.72719,274.51,0.0014567,0,0,1,0.00776,0.00776,0.005,0
0.7272,274.51,0.001457,0,0,1,0.00777,0.00777,0.005,0
0.7272,274.51,0.0014572,0,0,1,0.00778,0.00778,0.005,0
0.72718,274.51,0.0014575,0,0,1,0.00779,0.00779,0.005,0
0.72717,274.51,0.0014578,0,0,1,0.0078,0.0078,0.005,0
0.72718,274.51,0.0014582,0,0,1,0.00781,0.00781,0.005,0
0.72719,274.51,0.0014585,0,0,1,0.00782,0.00782,0.005,0
0.72718,274.51,0.0014589,0,0,1,0.00783,0.00783,0.005,0
0.72717,274.51,0.0014592,0,0,1,0.00784,0.00784,0.005,0
0.72716,274.51,0.0014596,0,0,1,0.00785,0.00785,0.005,0
0.72716,274.51,0.00146,0,0,1,0.00786,0.00786,0.005,0
0.72717,274.51,0.0014604,0,0,1,0.00787,0.00787,0.005,0
0.72717,274.51,0.0014609,0,0,1,0.00788,0.00788,0.005,0
0.72716,274.51,0.0014613,0,0,1,0.00789,0.00789,0.005,0
0.72715,274.51,0.0014617,0,0,1,0.0079,0.0079,0.005,0
0.72715,274.51,0.0014622,0,0,1,0.00791,0.00791,0.005,0
0.72716,274.51,0.0014626,0,0,1,0.00792,0.00792,0.005,0
0.72715,274.51,0.0014631,0,0,1,0.00793,0.00793,0.005,0
0.72714,274.51,0.0014636,0,0,1,0.00794,0.00794,0.005,0
0.72713,274.51,0.0014641,0,0,1,0.00795,0.00795,0.005,0
0.72713,274.51,0.0014647,0,0,1,0.00796,0.00796,0.005,0
0.72714,274.51,0.0014652,0,0,1,0.00797,0.00797,0.005,0
0.72714,274.51,0.0014658,0,0,1,0.00798,0.00798,0.005,0
0.72712,274.51,0.0014663,0,0,1,0.00799,0.00799,0.005,0
0.72711,274.51,0.0014669,0,0,1,0.008,0.008,0.005,0
0.72712,274.51,0.0014675,0,0,1,0.00801,0.00801,0.005,0
0.72712,274.51,0.0014681,0,0,1,0.00802,0.00802,0.005,0
0.72712,274.51,0.0014687,0,0,1,0.00803,0.00803,0.005,0
0.72711,274.51,0.0014693,0,0,1,0.00804,0.00804,0.005,0
0.72709,274.51,0.0014699,0,0,1,0.00805,0.00805,0.005,0
0.7271,274.51,0.0014705,0,0,1,0.00806,0.00806,0.005,0
0.7271,274.51,0.0014712,0,0,1,0.00807,0.00807,0.005,0
0.7271,274.51,0.0014719,0,0,1,0.00808,0.00808,0.005,0
0.72709,274.51,0.0014725,0,0,1,0.00809,0.00809,0.005,0
0.72707,274.51,0.0014732,0,0,1,0.0081,0.0081,0.005,0
0.72708,274.51,0.0014739,0,0,1,0.00811,0.00811,0.005,0
0.72709,274.51,0.0014746,0,0,1,0.00812,0.00812,0.005,0
0.72708,274.51,0.0014753,0,0,1,0.00813,0.00813,0.005,0
0.72707,274.51,0.001476,0,0,1,0.00814,0.00814,0.005,0
0.72705,274.51,0.0014768,0,0,1,0.00815,0.00815,0.005,0
0.72706,274.51,0.0014775,0,0,1,0.00816,0.00816,0.005,0
0.72706,274.51,0.0014783,0,0,1,0.00817,0.00817,0.005,0
0.72706,274.51,0.0014791,0,0,1,0.00818,0.00818,0.005,0
0.72704,274.51,0.0014799,0,0,1,0.00819,0.00819,0.005,0
0.72703,274.51,0.0014807,0,0,1,0.0082,0.0082,0.005,0
0.72704,274.51,0.0014815,0,0,1,0.00821,0.00821,0.005,0
0.72704,274.51,0.0014823,0,0,1,0.00822,0.00822,0.005,0
0.72703,274.51,0.0014831,0,0,1,0.00823,0.00823,0.005,0
0.72702,274.51,0.0014839,0,0,1,0.00824,0.00824,0.005,0
0.727,274.51,0.0014848,0,0,1,0.00825,0.00825,0.005,0
0.72701,274.51,0.0014857,0,0,1,0.00826,0.00826,0.005,0
0.72701,274.51,0.0014865,0,0,1,0.00827,0.00827,0.005,0
0.72701,274.51,0.0014874,0,0,1,0.00828,0.00828,0.005,0
0.72699,274.51,0.0014883,0,0,1,0.00829,0.00829,0.005,0
0.72698,274.51,0.0014892,0,0,1,0.0083,0.0083,0.005,0
0.72698,274.51,0.0014902,0,0,1,0.00831,0.00831,0.005,0
0.72699,274.51,0.0014911,0,0,1,0.00832,0.00832,0.005,0
0.72698,274.51,0.001492,0,0,1,0.00833,0.00833,0.005,0
0.72697,274.51,0.001493,0,0,1,0.00834,0.00834,0.005,0
0.72695,274.51,0.001494,0,0,1,0.00835,0.00835,0.005,0
0.72695,274.51,0.001495,0,0,1,0.00836,0.00836,0.005,0
0.72696,274.51,0.001496,0,0,1,0.00837,0.00837,0.005,0
0.72695,274.51,0.001497,0,0,1,0.00838,0.00838,0.005,0
0.72693,274.51,0.0014981,0,0,1,0.00839,0.00839,0.005,0
0.72692,274.51,0.0014991,0,0,1,0.0084,0.0084,0.005,0
0.72692,274.51,0.0015002,0,0,1,0.00841,0.00841,0.005,0
0.72693,274.51,0.0015012,0,0,1,0.00842,0.00842,0.005,0
0.72692,274.51,0.0015023,0,0,1,0.00843,0.00843,0.005,0
0.7269,274.51,0.0015034,0,0,1,0.00844,0.00844,0.005,0
0.72688,274.51,0.0015046,0,0,1,0.00845,0.00845,0.005,0
0.72689,274.51,0.0015057,0,0,1,0.00846,0.00846,0.005,0
0.72689,274.51,0.0015069,0,0,1,0.00847,0.00847,0.005,0
0.72688,274.51,0.0015081,0,0,1,0.00848,0.00848,0.005,0
0.72686,274.51,0.0015093,0,0,1,0.00849,0.00849,0.005,0
0.72685,274.51,0.0015105,0,0,1,0.0085,0.0085,0.005,0
0.72685,274.51,0.0015117,0,0,1,0.00851,0.00851,0.005,0
0.72685,274.51,0.001513,0,0,1,0.00852,0.00852,0.005,0
0.72684,274.51,0.0015143,0,0,1,0.00853,0.00853,0.005,0
0.72682,274.51,0.0015156,0,0,1,0.00854,0.00854,0.005,0
0.7268,274.51,0.001517,0,0,1,0.00855,0.00855,0.005,0
0.7268,274.51,0.0015184,0,0,1,0.00856,0.00856,0.005,0
0.72681,274.51,0.0015198,0,0,1,0.00857,0.00857,0.005,0
0.7268,274.51,0.0015212,0,0,1,0.00858,0.00858,0.005,0
0.72678,274.51,0.0015227,0,0,1,0.00859,0.00859,0.005,0
0.72676,274.5,0.0015241,0,0,1,0.0086,0.0086,0.005,0
0.72676,274.5,0.0015257,0,0,1,0.00861,0.00861,0.005,0
0.72676,274.5,0.0015272,0,0,1,0.00862,0.00862,0.005,0
0.72675,274.5,0.0015288,0,0,1,0.00863,0.00863,0.005,0
0.72673,274.5,0.0015304,0,0,1,0.00864,0.00864,0.005,0
0.72671,274.5,0.0015321,0,0,1,0.00865,0.00865,0.005,0
0.7267,274.5,0.0015338,0,0,1,0.00866,0.00866,0.005,0
0.7267,274.5,0.0015356,0,0,1,0.00867,0.00867,0.005,0
0.72669,274.5,0.0015374,0,0,1,0.00868,0.00868,0.005,0
0.72667,274.5,0.0015392,0,0,1,0.00869,0.00869,0.005,0
0.72665,274.5,0.0015411,0,0,1,0.0087,0.0087,0.005,0
0.72665,274.5,0.001543,0,0,1,0.00871,0.00871,0.005,0
0.72664,274.5,0.001545,0,0,1,0.00872,0.00872,0.005,0
0.72663,274.5,0.001547,0,0,1,0.00873,0.00873,0.005,0
0.72661,274.5,0.0015492,0,0,1,0.00874,0.00874,0.005,0
0.72658,274.5,0.0015513,0,0,1,0.00875,0.00875,0.005,0
0.72658,274.5,0.0015535,0,0,1,0.00876,0.00876,0.005,0
0.72657,274.5,0.0015558,0,0,1,0.00877,0.00877,0.005,0
0.72656,274.5,0.0015582,0,0,1,0.00878,0.00878,0.005,0
0.72653,274.5,0.0015606,0,0,1,0.00879,0.00879,0.005,0
0.72651,274.5,0.0015631,0,0,1,0.0088,0.0088,0.005,0
0.7265,274.5,0.0015657,0,0,1,0.00881,0.00881,0.005,0
0.72649,274.5,0.0015684,0,0,1,0.00882,0.00882,0.005,0
0.72647,274.5,0.0015711,0,0,1,0.00883,0.00883,0.005,0
0.72644,274.5,0.001574,0,0,1,0.00884,0.00884,0.005,0
0.72641,274.5,0.0015769,0,0,1,0.00885,0.00885,0.005,0
0.7264,274.5,0.0015801,0,0,1,0.00886,0.00886,0.005,0
0.7264,274.5,0.0015832,0,0,1,0.00887,0.00887,0.005,0
0.72638,274.5,0.0015865,0,0,1,0.00888,0.00888,0.005,0
0.72634,274.5,0.00159,0,0,1,0.00889,0.00889,0.005,0
0.72631,274.5,0.0015934,0,0,1,0.0089,0.0089,0.005,0
0.7263,274.5,0.0015971,0,0,1,0.00891,0.00891,0.005,0
0.72629,274.5,0.0016009,0,0,1,0.00892,0.00892,0.005,0
0.72626,274.5,0.0016049,0,0,1,0.00893,0.00893,0.005,0
0.72622,274.5,0.001609,0,0,1,0.00894,0.00894,0.005,0
0.72618,274.5,0.0016132,0,0,1,0.00895,0.00895,0.005,0
0.72617,274.5,0.0016177,0,0,1,0.00896,0.00896,0.005,0
0.72615,274.5,0.0016223,0,0,1,0.00897,0.00897,0.005,0
0.72612,274.5,0.0016271,0,0,1,0.00898,0.00898,0.005,0
0.72608,274.5,0.0016322,0,0,1,0.00899,0.00899,0.005,0
0.72603,274.5,0.0016373,0,0,1,0.009,0.009,0.005,0
0.72601,274.5,0.0016429,0,0,1,0.00901,0.00901,0.005,0
0.72599,274.5,0.0016485,0,0,1,0.00902,0.00902,0.005,0
0.72595,274.5,0.0016545,0,0,1,0.00903,0.00903,0.005,0
0.7259,274.5,0.0016608,0,0,1,0.00904,0.00904,0.005,0
0.72584,274.5,0.001667,0,0,1,0.00905,0.00905,0.005,0
0.72581,274.5,0.0016741,0,0,1,0.00906,0.00906,0.005,0
0.72578,274.5,0.0016811,0,0,1,0.00907,0.00907,0.005,0
0.72574,274.5,0.0016885,0,0,1,0.00908,0.00908,0.005,0
0.72567,274.5,0.0016964,0,0,1,0.00909,0.00909,0.005,0
0.72561,274.5,0.0017042,0,0,1,0.0091,0.0091,0.005,0
0.72557,274.5,0.0017131,0,0,1,0.00911,0.00911,0.005,0
0.72553,274.5,0.0017219,0,0,1,0.00912,0.00912,0.005,0
0.72547,274.5,0.0017312,0,0,1,0.00913,0.00913,0.005,0
0.72539,274.5,0.0017412,0,0,1,0.00914,0.00914,0.005,0
0.72532,274.5,0.0017511,0,0,1,0.00915,0.00915,0.005,0
0.72526,274.5,0.0017623,0,0,1,0.00916,0.00916,0.005,0
0.72521,274.5,0.0017736,0,0,1,0.00917,0.00917,0.005,0
0.72514,274.5,0.0017855,0,0,1,0.00918,0.00918,0.005,0
0.72504,274.5,0.0017982,0,0,1,0.00919,0.00919,0.005,0
0.72494,274.5,0.0018109,0,0,1,0.0092,0.0092,0.005,0
0.72487,274.5,0.0018252,0,0,1,0.00921,0.00921,0.005,0
0.72481,274.5,0.0018396,0,0,1,0.00922,0.00922,0.005,0
0.72471,274.5,0.0018549,0,0,1,0.00923,0.00923,0.005,0
0.72458,274.5,0.0018712,0,0,1,0.00924,0.00924,0.005,0
0.72446,274.5,0.0018874,0,0,1,0.00925,0.00925,0.005,0
0.72437,274.5,0.0019059,0,0,1,0.00926,0.00926,0.005,0
0.72429,274.5,0.0019244,0,0,1,0.00927,0.00927,0.005,0
0.72417,274.5,0.0019441,0,0,1,0.00928,0.00928,0.005,0
0.72401,274.5,0.0019651,0,0,1,0.00929,0.00929,0.005,0
0.72385,274.5,0.0019861,0,0,1,0.0093,0.0093,0.005,0
0.72374,274.5,0.0020098,0,0,1,0.00931,0.00931,0.005,0
0.72364,274.5,0.0020335,0,0,1,0.00932,0.00932,0.005,0
0.72348,274.5,0.0020589,0,0,1,0.00933,0.00933,0.005,0
0.72326,274.5,0.0020859,0,0,1,0.00934,0.00934,0.005,0
0.72304,274.5,0.002113,0,0,1,0.00935,0.00935,0.005,0
0.72292,274.5,0.0021436,0,0,1,0.00936,0.00936,0.005,0
0.7228,274.5,0.0021743,0,0,1,0.00937,0.00937,0.005,0
0.72261,274.5,0.002207,0,0,1,0.00938,0.00938,0.005,0
0.72233,274.5,0.0022416,0,0,1,0.00939,0.00939,0.005,0
0.72206,274.5,0.0022763,0,0,1,0.0094,0.0094,0.005,0
0.72194,274.5,0.0023152,0,0,1,0.00941,0.00941,0.005,0
0.72182,274.5,0.002354,0,0,1,0.00942,0.00942,0.005,0
0.72157,274.5,0.0023954,0,0,1,0.00943,0.00943,0.005,0
0.72119,274.5,0.0024395,0,0,1,0.00944,0.00944,0.005,0
0.7208,274.5,0.0024835,0,0,1,0.00945,0.00945,0.005,0
0.72071,274.5,0.0025327,0,0,1,0.00946,0.00946,0.005,0
0.72061,274.5,0.0025818,0,0,1,0.00947,0.00947,0.005,0
0.7203,274.5,0.0026341,0,0,1,0.00948,0.00948,0.005,0
0.71979,274.5,0.0026894,0,0,1,0.00949,0.00949,0.005,0
0.71928,274.5,0.0027448,0,0,1,0.0095,0.0095,0.005,0
0.71925,274.5,0.0028057,0,0,1,0.00951,0.00951,0.005,0
0.71923,274.5,0.0028667,0,0,1,0.00952,0.00952,0.005,0
0.71885,274.5,0.0029315,0,0,1,0.00953,0.00953,0.005,0
0.71814,274.5,0.0030001,0,0,1,0.00954,0.00954,0.005,0
0.71742,274.5,0.0030686,0,0,1,0.00955,0.00955,0.005,0
0.7175,274.49,0.0031438,0,0,1,0.00956,0.00956,0.005,0
0.71758,274.49,0.003219,0,0,1,0.00957,0.00957,0.005,0
0.71716,274.49,0.0032983,0,0,1,0.00958,0.00958,0.005,0
0.71626,274.49,0.0033818,0,0,1,0.00959,0.00959,0.005,0
0.71535,274.49,0.0034652,0,0,1,0.0096,0.0096,0.005,0
0.71577,274.49,0.0035535,0,0,1,0.00961,0.00961,0.005,0
0.71618,274.49,0.0036418,0,0,1,0.00962,0.00962,0.005,0
0.71567,274.49,0.0037355,0,0,1,0.00963,0.00963,0.005,0
0.71424,274.49,0.0038346,0,0,1,0.00964,0.00964,0.005,0
0.71281,274.49,0.0039337,0,0,1,0.00965,0.00965,0.005,0
0.71367,274.48,0.0040391,0,0,1,0.00966,0.00966,0.005,0
0.71453,274.48,0.0041444,0,0,1,0.00967,0.00967,0.005,0
0.71396,274.48,0.0042559,0,0,1,0.00968,0.00968,0.005,0
0.71197,274.48,0.0043735,0,0,1,0.00969,0.00969,0.005,0
0.70999,274.48,0.004491,0,0,1,0.0097,0.0097,0.005,0
0.71166,274.48,0.0046134,0,0,1,0.00971,0.00971,0.005,0
0.71333,274.47,0.0047358,0,0,1,0.00972,0.00972,0.005,0
0.71252,274.47,0.0048679,0,0,1,0.00973,0.00973,0.005,0
0.70925,274.47,0.0050099,0,0,1,0.00974,0.00974,0.005,0
0.70597,274.47,0.0051518,0,0,1,0.00975,0.00975,0.005,0
0.70868,274.46,0.0053053,0,0,1,0.00976,0.00976,0.005,0
0.71139,274.46,0.0054588,0,0,1,0.00977,0.00977,0.005,0
0.71014,274.46,0.0056297,0,0,1,0.00978,0.00978,0.005,0
0.70493,274.46,0.005818,0,0,1,0.00979,0.00979,0.005,0
0.69972,274.45,0.0060062,0,0,1,0.0098,0.0098,0.005,0
0.70602,274.45,0.0061964,0,0,1,0.00981,0.00981,0.005,0
0.71233,274.44,0.0063866,0,0,1,0.00982,0.00982,0.005,0
0.70992,274.44,0.0066159,0,0,1,0.00983,0.00983,0.005,0
0.6988,274.43,0.0068843,0,0,1,0.00984,0.00984,0.005,0
0.68767,274.43,0.0071527,0,0,1,0.00985,0.00985,0.005,0
0.70328,274.42,0.0074073,0,0,1,0.00986,0.00986,0.005,0
0.71888,274.41,0.0076618,0,0,1,0.00987,0.00987,0.005,0
0.71145,274.41,0.0080693,0,0,1,0.00988,0.00988,0.005,0
0.68098,274.4,0.0086297,0,0,1,0.00989,0.00989,0.005,0
0.65051,274.4,0.0091902,0,0,1,0.0099,0.0099,0.005,0
0.69478,274.38,0.0096101,0,0,1,0.00991,0.00991,0.005,0
0.73905,274.35,0.01003,0,0,1,0.00992,0.00992,0.005,0
0.76243,274.33,0.01055,0,0,1,0.00993,0.00993,0.005,0
0.76492,274.32,0.011171,0,0,1,0.00994,0.00994,0.005,0
0.76742,274.31,0.011792,0,0,1,0.00995,0.00995,0.005,0
0.14855,274.3,0.01925,0,0,1,0.00996,0.00996,0.005,0
-0.47038,274.29,0.026708,0,0,1,0.00997,0.00997,0.005,0
0.69505,274.06,0.02435,0,0,1,0.00998,0.00998,0.005,0
3.6454,273.6,0.012175,0,0,1,0.00999,0.00999,0.005,0
6.5954,273.15,0,0,0,1,0.01,0.01,0.005,0
